,id,temperatureVal,currentVal,vibrationVal,rpmVal,receivedTime,accelerationAvg,accelerationDev,classifier
0,13625,31.55,0.02,0,0,2016-04-09 15:44:56,650.4857142857,0.8060991988,2
1,13626,31.57,0.02,0,0,2016-04-09 15:44:56,650.5714285714,0.9646824581,2
2,13627,31.61,0.02,0,0,2016-04-09 15:44:56,650.4285714286,0.5993193418,2
3,13628,31.55,0.02,0,0,2016-04-09 15:44:56,650.7941176471,0.9634317267,2
4,13629,31.57,0.5,0,0,2016-04-09 15:44:57,651.56,1.2674383614,2
5,13630,31.57,0.55,0,0,2016-04-09 15:44:57,647.68,3.9569685366,2
6,13631,31.61,0.64,0,0,2016-04-09 15:44:57,646.4,8.1731266967,2
7,13632,31.61,0.71,0,0,2016-04-09 15:44:57,660.4,6.9512588788,2
8,13633,31.55,0.88,0,39,2016-04-09 15:44:57,656.8260869565,11.7608494736,2
9,13634,31.55,0.91,0,39,2016-04-09 15:44:58,646.9166666667,63.1822210401,2
10,13635,31.57,0.92,0,39,2016-04-09 15:44:58,639.5833333333,28.6093176353,2
11,13636,31.55,1.13,0,39,2016-04-09 15:44:58,649.6666666667,24.7650066738,2
12,13637,31.55,1.24,0,216,2016-04-09 15:44:58,674.7083333333,32.0630617776,2
13,13638,31.57,1.22,0,216,2016-04-09 15:44:58,671.6086956522,51.9437313709,2
14,13639,31.61,0.91,0,216,2016-04-09 15:44:59,637.4347826087,47.6229083411,2
15,13640,31.57,0.79,0,216,2016-04-09 15:44:59,664.9130434783,28.5404564777,2
16,13641,31.55,0.75,0,726,2016-04-09 15:45:00,648.9,21.6215170606,2
17,13642,31.61,0.65,0,1353,2016-04-09 15:45:00,652.6363636364,21.5333683016,2
18,13643,31.57,0.71,0,1353,2016-04-09 15:45:01,650.0333333333,11.0859771283,2
19,13644,31.55,0.65,0,1353,2016-04-09 15:45:01,651.9,23.375699633,2
20,13645,31.61,0.63,0,1962,2016-04-09 15:45:01,664.9,20.5821119746,2
21,13646,31.55,0.63,0,1962,2016-04-09 15:45:02,656.6842105263,10.0580035247,2
22,13647,31.57,0.64,0,1962,2016-04-09 15:45:02,650.3421052632,13.8872836869,2
23,13648,31.55,0.64,0,1962,2016-04-09 15:45:02,656.5405405405,16.5375814347,2
24,13649,31.55,0.68,0,2991,2016-04-09 15:45:03,656.4756097561,13.5247971084,2
25,13650,31.55,0.68,0,2991,2016-04-09 15:45:04,660.1538461538,12.9159779036,2
26,13651,31.57,0.75,0,2991,2016-04-09 15:45:04,657.6538461538,6.2075779229,2
27,13652,31.61,0.74,0,2991,2016-04-09 15:45:04,646.1538461538,17.060282953,2
28,13653,31.61,0.73,0,3144,2016-04-09 15:45:04,643.6153846154,19.5960689211,2
29,13654,31.57,0.78,0,3144,2016-04-09 15:45:04,651.68,13.742547071,2
30,13655,31.57,0.77,0,3144,2016-04-09 15:45:05,650.5294117647,24.4807671137,2
31,13656,31.57,0.78,0,3144,2016-04-09 15:45:05,656.2941176471,20.412697046,2
32,13657,31.63,0.74,0,3144,2016-04-09 15:45:05,657.7647058824,13.8289100917,2
33,13658,31.61,0.77,0,3144,2016-04-09 15:45:05,667.7058823529,10.2885699337,2
34,13659,31.61,0.77,0,3144,2016-04-09 15:45:05,637.3529411765,11.7920270995,2
35,13660,31.61,0.76,0,3144,2016-04-09 15:45:05,680.4705882353,21.4999798825,2
36,13661,31.61,0.76,0,3189,2016-04-09 15:45:05,665.4705882353,17.7999261302,2
37,13662,31.63,0.76,0,3189,2016-04-09 15:45:05,682.5625,19.7609740081,2
38,13663,31.61,0.77,0,3189,2016-04-09 15:45:06,647.8947368421,10.2181198025,2
39,13664,31.57,0.79,0,3189,2016-04-09 15:45:06,654.3157894737,25.4704217137,2
40,13665,31.58,0.76,0,3189,2016-04-09 15:45:06,644.3157894737,18.7814371727,2
41,13666,31.63,0.75,0,3189,2016-04-09 15:45:06,663.2631578947,18.3011132973,2
42,13667,31.63,0.75,0,3246,2016-04-09 15:45:06,655.1578947368,15.4076643877,2
43,13668,31.63,0.76,0,3246,2016-04-09 15:45:06,671.6315789474,13.0028763066,2
44,13669,31.63,0.77,0,3246,2016-04-09 15:45:06,652.9,13.2887170186,2
45,13670,31.63,0.78,0,3246,2016-04-09 15:45:07,669.6285714286,19.8005565784,2
46,13671,31.61,0.78,0,3246,2016-04-09 15:45:07,667.7142857143,12.6277957099,2
47,13672,31.63,0.8,0,3246,2016-04-09 15:45:07,662.1714285714,23.8764506985,2
48,13673,31.63,0.83,0,3246,2016-04-09 15:45:07,668.6285714286,19.6992903633,2
49,13674,31.61,0.79,0,3351,2016-04-09 15:45:08,515.08125,256.6867247219,2
50,13675,31.67,0.76,0,3402,2016-04-09 15:45:09,691.6363636364,31.9524440018,2
51,13676,31.67,0.78,0,3402,2016-04-09 15:45:09,655.9545454545,14.6550558224,2
52,13677,31.63,0.75,0,3402,2016-04-09 15:45:09,646,15.7249078621,2
53,13678,31.67,0.74,0,3429,2016-04-09 15:45:09,660.9090909091,31.4829089145,2
54,13679,31.61,0.74,0,3429,2016-04-09 15:45:09,654.95,34.4840180373,2
55,13680,31.63,0.8,0,3429,2016-04-09 15:45:10,537.7272727273,178.8031375101,2
56,13681,31.63,0.74,0,3429,2016-04-09 15:45:10,684.1515151515,50.5791436309,2
57,13682,31.64,0.76,0,3447,2016-04-09 15:45:10,659.8125,21.5804273301,2
58,13683,31.67,0.85,0,3447,2016-04-09 15:45:11,655.5555555556,17.9367888726,2
59,13684,31.67,0.84,0,3447,2016-04-09 15:45:11,653.8148148148,14.9171465771,2
60,13685,31.63,0.8,0,3447,2016-04-09 15:45:11,691.8148148148,50.1376158314,2
61,13686,31.67,0.82,0,3447,2016-04-09 15:45:11,744.2962962963,6.5592163873,2
62,13687,31.67,0.8,0,3474,2016-04-09 15:45:11,655.0740740741,32.6835851041,2
63,13688,31.63,0.85,0,3474,2016-04-09 15:45:12,657.1951219512,17.6721077079,2
64,13689,31.64,0.81,0,3474,2016-04-09 15:45:12,656.3658536585,12.1208469831,2
65,13690,31.67,0.81,0,3474,2016-04-09 15:45:12,683.8536585366,19.0564770061,2
66,13691,31.67,0.83,0,3462,2016-04-09 15:45:12,702.4,45.7311709887,2
67,13692,31.69,0.81,0,3462,2016-04-09 15:45:13,678.3773584906,39.1259342718,2
68,13693,31.69,0.81,0,3462,2016-04-09 15:45:13,661.8490566038,17.8350896728,2
69,13694,31.69,0.8,0,3462,2016-04-09 15:45:13,705.6666666667,38.4664355857,2
70,13695,31.69,0.82,0,3549,2016-04-09 15:45:14,661.9375,24.3399587869,2
71,13696,31.69,0.83,0,3549,2016-04-09 15:45:14,663.5375,14.2126209318,2
72,13697,31.69,0.8,0,3549,2016-04-09 15:45:15,657.8636363636,18.9983144098,2
73,13698,31.69,0.86,0,3549,2016-04-09 15:45:15,654.9090909091,15.2043925797,2
74,13699,31.69,0.86,0,3549,2016-04-09 15:45:15,659.6818181818,12.6756257283,2
75,13700,31.69,0.81,0,3588,2016-04-09 15:45:15,639.5,15.3022577063,2
76,13701,31.71,0.86,0,3588,2016-04-09 15:45:15,711.5,31.242089908,2
77,13702,31.69,0.86,0,3588,2016-04-09 15:45:15,719.4545454545,22.1887098087,2
78,13703,31.68,0.83,0,3588,2016-04-09 15:45:16,661.1081081081,30.8157416633,2
79,13704,31.71,0.81,0,3588,2016-04-09 15:45:16,650.2972972973,25.8675053017,2
80,13705,31.69,0.8,0,3588,2016-04-09 15:45:16,650.7027027027,28.9135382719,2
81,13706,31.71,0.8,0,3609,2016-04-09 15:45:16,701.5945945946,30.6307207206,2
82,13707,31.69,0.86,0,3609,2016-04-09 15:45:17,669.6285714286,31.4956556771,2
83,13708,31.71,0.89,0,3609,2016-04-09 15:45:17,651.9154929577,20.468282904,2
84,13709,31.71,0.87,0,3678,2016-04-09 15:45:18,664.1315789474,38.1638924506,2
85,13710,31.71,0.88,0,3678,2016-04-09 15:45:18,707.6533333333,44.5248974046,2
86,13711,31.72,0.81,0,3735,2016-04-09 15:45:20,671.0625,31.3338250737,2
87,13712,31.75,0.82,0,3735,2016-04-09 15:45:20,640.875,34.245209519,2
88,13713,31.75,0.81,0,3735,2016-04-09 15:45:20,659.9375,24.1892764206,2
89,13714,31.75,0.86,0,3735,2016-04-09 15:45:20,664.0294117647,19.3778000544,2
90,13715,31.81,0.85,0,3831,2016-04-09 15:45:21,660.5541401274,16.2203752124,2
91,13716,31.77,0.81,0,3831,2016-04-09 15:45:22,653.4375,15.7848902567,2
92,13717,31.77,0.85,0,3831,2016-04-09 15:45:22,674.8125,24.7130669299,2
93,13718,31.77,0.8,0,3831,2016-04-09 15:45:22,697.8085106383,36.5039422516,2
94,13719,31.79,0.81,0,3858,2016-04-09 15:45:23,660.3428571429,15.2726512941,2
95,13720,31.77,0.82,0,3858,2016-04-09 15:45:23,660.8732394366,22.075369984,2
96,13721,31.79,0.86,0,3858,2016-04-09 15:45:24,675.46,30.6347580372,2
97,13722,31.81,0.9,0,3858,2016-04-09 15:45:24,684.2,38.0673088095,2
98,13723,31.75,0.83,0,3858,2016-04-09 15:45:24,656.7755102041,33.9478984388,2
99,13724,31.81,0.81,0,3840,2016-04-09 15:45:25,656.2826086957,49.7225620398,2
100,13725,31.83,0.79,0,3888,2016-04-09 15:45:25,654.9565217391,35.7655144334,2
101,13726,31.83,0.8,0,3888,2016-04-09 15:45:25,650.5333333333,73.4482735596,2
102,13727,31.83,0.81,0,3888,2016-04-09 15:45:26,653.9444444444,52.9559274011,2
103,13728,31.83,0.8,0,3888,2016-04-09 15:45:26,665.0555555556,50.5673063267,2
104,13729,31.83,0.82,0,3888,2016-04-09 15:45:26,642.5,50.1578065266,2
105,13730,31.83,0.8,0,3888,2016-04-09 15:45:26,651.0555555556,83.2332547204,2
106,13731,31.85,0.8,0,3873,2016-04-09 15:45:27,651.4,77.8105391319,2
107,13732,31.83,0.82,0,3873,2016-04-09 15:45:27,658.66,47.9039079825,2
108,13733,31.85,0.8,0,3873,2016-04-09 15:45:27,663.6470588235,21.1963958548,2
109,13734,31.85,0.8,0,3840,2016-04-09 15:45:28,649.2631578947,25.8168490581,2
110,13735,31.85,0.79,0,3840,2016-04-09 15:45:28,671.0526315789,29.8248813192,2
111,13736,31.85,0.78,0,3840,2016-04-09 15:45:28,653.0526315789,32.3833512849,2
112,13737,31.85,0.79,0,3840,2016-04-09 15:45:28,652.2105263158,56.9002626461,2
113,13738,31.85,0.75,0,3804,2016-04-09 15:45:28,662.7894736842,52.118871163,2
114,13739,31.89,0.74,0,3804,2016-04-09 15:45:28,670.5238095238,58.363082793,2
115,13740,31.85,0.62,0,3696,2016-04-09 15:45:29,650.5851851852,38.8690841987,2
116,13741,31.89,0.64,0,3696,2016-04-09 15:45:30,648.9583333333,6.4580645105,2
117,13742,31.89,0.62,0,3696,2016-04-09 15:45:30,648.5,7.604823031,2
118,13743,31.91,0.62,0,3696,2016-04-09 15:45:30,656.4166666667,15.8795378466,2
119,13744,31.87,0.62,0,3696,2016-04-09 15:45:30,658.75,12.1971649711,2
120,13745,31.88,0.61,0,3549,2016-04-09 15:45:30,658.875,20.0900317322,2
121,13746,31.89,0.61,0,3549,2016-04-09 15:45:30,651.0416666667,4.9956578368,2
122,13747,31.95,0.02,0,3549,2016-04-09 15:45:31,654.25,10.3047319228,2
123,13748,31.97,0.02,0,3303,2016-04-09 15:45:31,646.9375,12.527313908,2
124,13749,31.91,0.02,0,3303,2016-04-09 15:45:31,652.84375,8.4561714704,2
125,13750,31.91,0.02,0,3303,2016-04-09 15:45:31,659.9090909091,7.8754072001,2
126,13751,31.95,0.02,0,3303,2016-04-09 15:45:32,649.4571428571,7.7913609929,2
127,13752,31.97,0.02,0,2862,2016-04-09 15:45:32,652.6571428571,5.3875139093,2
128,13753,31.97,0.02,0,2862,2016-04-09 15:45:32,646.1428571429,10.6533505317,2
129,13754,31.95,0.02,0,2862,2016-04-09 15:45:33,648.203125,8.7806244217,2
130,13755,31.97,1.12,0,420,2016-04-09 15:46:42,633.9583333333,7.2599309378,2
131,13756,31.97,0.72,0,420,2016-04-09 15:46:42,647.8333333333,8.9590116022,2
132,13757,31.97,0.67,0,1005,2016-04-09 15:46:43,654.375,18.217497966,2
133,13758,31.97,0.66,0,1005,2016-04-09 15:46:43,650.3214285714,9.6494025405,2
134,13759,31.97,0.62,0,1611,2016-04-09 15:46:44,647.5,11.1046161573,2
135,13760,31.97,0.63,0,1611,2016-04-09 15:46:44,656.65625,11.3209136529,2
136,13761,31.97,0.67,0,1611,2016-04-09 15:46:44,646.5483870968,12.188939221,2
137,13762,31.99,0.63,0,2217,2016-04-09 15:46:45,664.8,14.1995305087,2
138,13763,31.99,0.63,0,2217,2016-04-09 15:46:45,634.4,11.8479252755,2
139,13764,31.99,0.67,0,2217,2016-04-09 15:46:45,656.8666666667,6.8883153883,2
140,13765,31.99,0.64,0,2217,2016-04-09 15:46:45,653.2,7.0823724839,2
141,13766,31.99,0.64,0,2217,2016-04-09 15:46:45,657.8,8.478993651,2
142,13767,31.99,0.64,0,2751,2016-04-09 15:46:45,659.7333333333,7.1876437184,2
143,13768,31.99,0.7,0,2751,2016-04-09 15:46:45,641.5333333333,13.012131092,2
144,13769,31.99,0.67,0,2751,2016-04-09 15:46:45,643.9230769231,3.6260073075,2
145,13770,31.99,0.66,0,2751,2016-04-09 15:46:46,656.8529411765,16.3960762037,2
146,13771,32.03,0.63,0,2751,2016-04-09 15:46:46,650.7941176471,12.2876777392,2
147,13772,31.99,0.67,0,2751,2016-04-09 15:46:46,650.6470588235,17.1941890884,2
148,13773,31.97,0.78,0,3072,2016-04-09 15:46:46,652.7647058824,37.8247186713,2
149,13774,31.95,0.85,0,3072,2016-04-09 15:46:47,640,55.2564270223,2
150,13775,31.97,0.78,0,3072,2016-04-09 15:46:47,663.6363636364,81.7382437777,2
151,13776,31.99,0.78,0,3150,2016-04-09 15:46:47,662.4545454545,76.2482353135,2
152,13777,31.99,0.78,0,3150,2016-04-09 15:46:47,640.5454545455,67.6015917461,2
153,13778,32,0.79,0,3150,2016-04-09 15:46:47,641.0454545455,65.6135222155,2
154,13779,32.03,0.8,0,3150,2016-04-09 15:46:47,656.3181818182,43.9497506081,2
155,13780,31.99,0.8,0,3150,2016-04-09 15:46:48,657.4268292683,37.434179793,2
156,13781,31.99,0.81,0,3150,2016-04-09 15:46:48,661.0602409639,53.4249500392,2
157,13782,31.99,0.81,0,3261,2016-04-09 15:46:49,662.925,33.5114812415,2
158,13783,32.05,0.81,0,3261,2016-04-09 15:46:49,662.1604938272,20.7712151193,2
159,13784,31.99,0.81,0,3390,2016-04-09 15:46:50,653.8895348837,44.0904791945,2
160,13785,32.03,0.9,0,3483,2016-04-09 15:46:51,656.4545454545,69.3666983716,2
161,13786,32.06,0.85,0,3612,2016-04-09 15:46:51,667.4181818182,41.6761064789,2
162,13787,32.09,0.86,0,3612,2016-04-09 15:46:52,663.1411042945,43.8835432213,2
163,13788,32.1,0.81,0,3810,2016-04-09 15:46:53,658.2891566265,26.7863164674,2
164,13789,32.11,0.81,0,3810,2016-04-09 15:46:54,657.3684210526,17.2114115336,2
165,13790,32.09,0.82,0,3810,2016-04-09 15:46:54,653.3684210526,25.342310214,2
166,13791,32.09,0.87,0,3810,2016-04-09 15:46:54,648.2368421053,49.7125602103,2
167,13792,32.09,0.85,0,3816,2016-04-09 15:46:54,669.7948717949,64.5748142883,2
168,13793,32.11,0.81,0,3816,2016-04-09 15:46:55,661.4210526316,29.4141315652,2
169,13794,32.11,0.81,0,3816,2016-04-09 15:46:55,650.4210526316,25.6100633787,2
170,13795,32.11,0.81,0,3816,2016-04-09 15:46:55,661.4210526316,21.9336698383,2
171,13796,32.09,0.89,0,3876,2016-04-09 15:46:55,656.8157894737,24.3913868136,2
172,13797,32.11,0.82,0,3891,2016-04-09 15:46:57,652,35.7359598098,2
173,13798,32.11,0.81,0,3891,2016-04-09 15:46:57,657.4411764706,33.0980638997,2
174,13799,32.11,0.83,0,3891,2016-04-09 15:46:57,665.5588235294,30.4922277238,2
175,13800,32.11,0.82,0,3876,2016-04-09 15:46:57,662.9714285714,30.829008338,2
176,13801,32.11,0.82,0,3876,2016-04-09 15:46:58,653.5510204082,24.7518799323,2
177,13802,32.13,0.83,0,3876,2016-04-09 15:46:58,661.3673469388,18.932418884,2
178,13803,32.11,0.87,0,3876,2016-04-09 15:46:58,664,28.9030751842,2
179,13804,32.14,0.84,0,3840,2016-04-09 15:46:59,651.9861111111,49.7070565792,2
180,13805,32.17,0.86,0,3840,2016-04-09 15:46:59,654.4246575342,33.3802984335,2
181,13806,32.14,0.83,0,3807,2016-04-09 15:47:00,663.1496598639,27.6140439823,2
182,13807,32.17,0.81,0,3807,2016-04-09 15:47:01,651.7222222222,20.9199680145,2
183,13808,32.19,0.84,0,3807,2016-04-09 15:47:01,659.8888888889,24.9708471998,2
184,13809,32.17,0.84,0,3807,2016-04-09 15:47:01,651.3888888889,26.1600605013,2
185,13810,32.17,0.82,0,3807,2016-04-09 15:47:01,657.3333333333,56.1901533485,2
186,13811,32.17,0.81,0,3801,2016-04-09 15:47:01,649.1111111111,53.5608572756,2
187,13812,32.19,0.81,0,3801,2016-04-09 15:47:01,642.1111111111,47.1155658271,2
188,13813,32.17,0.78,0,3801,2016-04-09 15:47:01,659.6470588235,43.724997799,2
189,13814,32.13,0.8,0,3801,2016-04-09 15:47:02,657.6,43.476379283,2
190,13815,32.19,0.85,0,3801,2016-04-09 15:47:02,666.0444444444,42.823127477,2
191,13816,32.13,0.85,0,3804,2016-04-09 15:47:02,652.1111111111,33.5984273588,2
192,13817,32.19,0.87,0,3804,2016-04-09 15:47:03,644.8148148148,26.3509603972,2
193,13818,32.25,0.82,0,3804,2016-04-09 15:47:03,649.1481481481,28.0286939003,2
194,13819,32.25,0.83,0,3804,2016-04-09 15:47:03,661.8148148148,28.1359622745,2
195,13820,32.21,0.91,0,3837,2016-04-09 15:47:03,671.0740740741,32.3853258104,2
196,13821,32.21,0.87,0,3837,2016-04-09 15:47:03,660.4827586207,31.4035147271,2
197,13822,32.22,0.8,0,3837,2016-04-09 15:47:04,658.8409090909,40.4280748433,2
198,13823,32.19,0.8,0,3837,2016-04-09 15:47:04,659.2528735632,33.747275204,2
199,13824,32.25,0.38,0,3804,2016-04-09 15:47:06,656.6617647059,85.0929613274,2
200,13825,32.27,0.02,0,3531,2016-04-09 15:47:06,647.8507462687,79.7522757325,2
201,13826,32.33,0.89,0,0,2016-04-09 15:47:48,648.4038461538,7.9982200313,2
202,13827,32.33,1.21,0,48,2016-04-09 15:47:48,648.9411764706,14.286167401,2
203,13828,32.31,1.3,0,48,2016-04-09 15:47:49,648.6,11.385956262,2
204,13829,32.31,1.03,0,48,2016-04-09 15:47:49,662.2666666667,6.8065328097,2
205,13830,32.33,0.95,0,396,2016-04-09 15:47:49,651.4666666667,7.8940202404,2
206,13831,32.31,0.83,0,396,2016-04-09 15:47:49,649.6551724138,8.6633427572,2
207,13832,32.31,0.75,0,396,2016-04-09 15:47:50,651.5588235294,23.9167565877,2
208,13833,32.33,0.75,0,1014,2016-04-09 15:47:50,659,12.8909452946,2
209,13834,32.33,0.75,0,1014,2016-04-09 15:47:50,638.6060606061,11.9111340679,2
210,13835,32.31,0.73,0,1014,2016-04-09 15:47:51,652.2,15.7107182098,2
211,13836,32.33,0.78,0,1665,2016-04-09 15:47:51,644.3,20.1397616669,2
212,13837,32.33,0.78,0,1665,2016-04-09 15:47:51,655.2,16.4932309347,2
213,13838,32.31,0.71,0,1665,2016-04-09 15:47:51,650.78125,22.1666054785,2
214,13839,32.31,0.77,0,1665,2016-04-09 15:47:52,679.3913043478,13.0907837824,2
215,13840,32.33,0.79,0,2358,2016-04-09 15:47:52,653.652173913,13.9770267898,2
216,13841,32.35,0.74,0,2358,2016-04-09 15:47:52,659.8695652174,12.6122933398,2
217,13842,32.35,0.71,0,2358,2016-04-09 15:47:52,637.2173913043,13.5227876009,2
218,13843,32.33,0.74,0,2358,2016-04-09 15:47:53,664.1296296296,18.7863684783,2
219,13844,32.33,0.71,0,2358,2016-04-09 15:47:53,647.4444444444,21.3807343763,2
220,13845,32.35,0.7,0,2979,2016-04-09 15:47:53,656.1698113208,13.7315720067,2
221,13846,32.39,0.7,0,2979,2016-04-09 15:47:54,653.8902439024,20.3242052601,2
222,13847,32.33,0.72,0,3300,2016-04-09 15:47:54,643.3456790123,28.6318308983,2
223,13848,32.33,0.75,0,3300,2016-04-09 15:47:55,652.9026548673,30.1559265229,2
224,13849,32.41,0.71,0,3384,2016-04-09 15:47:56,646.9,26.5271558973,2
225,13850,32.39,0.72,0,3453,2016-04-09 15:47:56,644.6734693878,17.7722413171,2
226,13851,32.35,0.72,0,3459,2016-04-09 15:47:57,655.4651162791,16.2385542334,2
227,13852,32.35,0.71,0,3459,2016-04-09 15:47:57,660.9069767442,17.47664748,2
228,13853,32.39,0.71,0,3459,2016-04-09 15:47:57,649.5476190476,17.1730719178,2
229,13854,32.35,0.72,0,3459,2016-04-09 15:47:58,653.7924528302,16.5385296175,2
230,13855,32.38,0.73,0,3498,2016-04-09 15:47:58,644.358490566,20.1757320501,2
231,13856,32.35,0.71,0,3498,2016-04-09 15:47:58,655.7407407407,23.6683764525,2
232,13857,32.35,0.72,0,3498,2016-04-09 15:47:59,649.6388888889,20.0459926416,2
233,13858,32.35,0.74,0,3498,2016-04-09 15:47:59,658.8888888889,18.4070906896,2
234,13859,32.35,0.71,0,3498,2016-04-09 15:47:59,656.5833333333,20.6591047994,2
235,13860,32.39,0.73,0,3552,2016-04-09 15:47:59,651.2777777778,17.6219735165,2
236,13861,32.39,0.79,0,3552,2016-04-09 15:48:00,651.8928571429,20.797216994,2
237,13862,32.35,0.72,0,3552,2016-04-09 15:48:00,645,28.798561472,2
238,13863,32.45,0.78,0,3552,2016-04-09 15:48:00,663.7857142857,35.5561499029,2
239,13864,32.39,0.73,0,3552,2016-04-09 15:48:00,638.0357142857,17.2616050877,2
240,13865,32.36,0.76,0,3552,2016-04-09 15:48:00,648.3448275862,24.0104515491,2
241,13866,32.41,0.72,0,3552,2016-04-09 15:48:01,657.1363636364,22.0542625328,2
242,13867,32.41,0.73,0,3552,2016-04-09 15:48:01,659.9090909091,11.927466739,2
243,13868,32.41,0.72,0,3552,2016-04-09 15:48:01,648.8181818182,20.6477741782,2
244,13869,32.41,0.73,0,3552,2016-04-09 15:48:01,659.5,17.0580559481,2
245,13870,32.41,0.71,0,3552,2016-04-09 15:48:01,656.3181818182,27.0477462742,2
246,13871,32.45,0.71,0,3573,2016-04-09 15:48:01,653.5454545455,16.4944268073,2
247,13872,32.47,0.7,0,3573,2016-04-09 15:48:01,650.3157894737,12.3205119151,2
248,13873,32.47,0.69,0,3573,2016-04-09 15:48:02,656.7916666667,27.7923538146,2
249,13874,32.45,0.74,0,3573,2016-04-09 15:48:02,647.5833333333,26.5312970324,2
250,13875,32.45,0.72,0,3573,2016-04-09 15:48:02,634.2083333333,33.905480342,2
251,13876,32.45,0.76,0,3573,2016-04-09 15:48:02,658.5,30.904422553,2
252,13877,32.45,0.71,0,3558,2016-04-09 15:48:02,653.2916666667,20.9691820828,2
253,13878,32.45,0.72,0,3558,2016-04-09 15:48:02,653.7142857143,19.3541993896,2
254,13879,32.45,0.79,0,3558,2016-04-09 15:48:03,617.1428571429,24.5818084388,2
255,13880,32.45,0.72,0,3558,2016-04-09 15:48:03,664.0714285714,21.2685693176,2
256,13881,32.45,0.71,0,3558,2016-04-09 15:48:03,654.3571428571,14.6365840221,2
257,13882,32.45,0.71,0,3558,2016-04-09 15:48:03,663.9285714286,16.1398543351,2
258,13883,32.45,0.72,0,3558,2016-04-09 15:48:03,630.8571428571,17.7999082777,2
259,13884,32.45,0.75,0,3558,2016-04-09 15:48:03,649.5714285714,22.5316104482,2
260,13885,32.47,0.72,0,3543,2016-04-09 15:48:03,656.7142857143,23.692761316,2
261,13886,32.47,0.73,0,3543,2016-04-09 15:48:03,643.9285714286,22.0631052267,2
262,13887,32.45,0.72,0,3543,2016-04-09 15:48:03,650.8333333333,18.6048082196,2
263,13888,32.45,0.72,0,3543,2016-04-09 15:48:04,650.0625,16.5566027237,2
264,13889,32.47,0.76,0,3543,2016-04-09 15:48:04,648.1875,15.2016395086,2
265,13890,32.49,0.74,0,3543,2016-04-09 15:48:04,657.1875,24.09543201,2
266,13891,32.45,0.73,0,3498,2016-04-09 15:48:04,650.65625,13.6212365789,2
267,13892,32.47,0.71,0,3498,2016-04-09 15:48:05,648.7878787879,25.1730466436,2
268,13893,32.45,0.71,0,3495,2016-04-09 15:48:05,645.4242424242,26.5455929151,2
269,13894,32.45,0.78,0,3495,2016-04-09 15:48:05,658.9090909091,33.7660073252,2
270,13895,32.47,0.72,0,3495,2016-04-09 15:48:05,640.6666666667,36.4481089559,2
271,13896,32.47,0.74,0,3495,2016-04-09 15:48:06,657,29.7548315404,2
272,13897,32.45,0.7,0,3432,2016-04-09 15:48:06,651.835443038,30.2150228289,2
273,13898,32.47,0.72,0,3468,2016-04-09 15:48:07,653.6024844721,30.5986399046,2
274,13899,32.47,0.71,0,3468,2016-04-09 15:48:09,660.3333333333,22.0731108415,2
275,13900,32.55,0.7,0,3468,2016-04-09 15:48:09,655.0277777778,25.9384807564,2
276,13901,32.55,0.74,0,3537,2016-04-09 15:48:09,662.2777777778,37.2935883014,2
277,13902,32.5,0.71,0,3537,2016-04-09 15:48:09,641.5555555556,22.7991769399,2
278,13903,32.55,0.76,0,3546,2016-04-09 15:48:11,654.7173913043,22.7774326181,2
279,13904,32.55,0.68,0,3546,2016-04-09 15:48:11,647.8695652174,19.3037602731,2
280,13905,32.55,0.67,0,3576,2016-04-09 15:48:11,651.4,11.6645712404,2
281,13906,32.59,0.02,0,3531,2016-04-09 15:48:13,646.954954955,13.4300908528,2
282,13907,32.59,0.02,0,3273,2016-04-09 15:48:14,645.612244898,16.6706589693,2
283,13908,32.59,0.02,0,2745,2016-04-09 15:48:14,650.8979591837,12.6495057546,2
284,13909,32.59,0.02,0,2745,2016-04-09 15:48:14,651.1875,12.2655619691,2
285,13910,32.59,0.03,0,2745,2016-04-09 15:48:15,649.7714285714,4.4620241891,2
286,13911,32.59,0.02,0,2082,2016-04-09 15:48:16,651.1818181818,1.5026148008,2
287,13912,32.56,0.02,0,1374,2016-04-09 15:48:16,650.8363636364,0.8896094417,2
288,13913,32.61,0.02,0,1374,2016-04-09 15:48:17,651.1818181818,1.3696835612,2
289,13914,32.61,0.02,0,1374,2016-04-09 15:48:17,650.1136363636,0.6814392887,2
290,13915,32.39,0.89,0,12,2016-04-09 15:50:43,648.4444444444,31.6459971529,1
291,13916,32.39,1.15,0,12,2016-04-09 15:50:43,654.0277777778,22.1277680141,1
292,13917,32.39,1.07,0,147,2016-04-09 15:50:43,648.5833333333,27.0917935504,1
293,13918,32.41,1.25,0,147,2016-04-09 15:50:43,659.4444444444,25.3557405778,1
294,13919,32.41,1.13,0,147,2016-04-09 15:50:44,659.6071428571,17.7619965209,1
295,13920,32.39,0.95,0,147,2016-04-09 15:50:44,659.9107142857,18.1563416565,1
296,13921,32.39,0.66,0,1215,2016-04-09 15:50:45,655.625,18.3396160771,1
297,13922,32.4,0.63,0,2550,2016-04-09 15:50:47,650.3285714286,13.6797257999,1
298,13923,32.39,0.66,0,2550,2016-04-09 15:50:47,657.0985915493,13.1204119327,1
299,13924,32.41,0.71,0,3099,2016-04-09 15:50:49,649.4347826087,21.4968674906,1
300,13925,32.41,0.71,0,3099,2016-04-09 15:50:49,654.152173913,18.4779155978,1
301,13926,32.41,0.74,0,3408,2016-04-09 15:50:49,650.4130434783,20.3614897454,1
302,13927,32.41,0.78,0,3408,2016-04-09 15:50:50,650.36,19.415210532,1
303,13928,32.41,0.77,0,3408,2016-04-09 15:50:50,649.08,25.8316395144,1
304,13929,32.41,0.78,0,3408,2016-04-09 15:50:50,655.72,16.4912582904,1
305,13930,32.41,0.8,0,3492,2016-04-09 15:50:50,648.08,26.6141616438,1
306,13931,32.41,0.82,0,3492,2016-04-09 15:50:50,659.52,20.4746086654,1
307,13932,32.41,0.81,0,3492,2016-04-09 15:50:51,648.5111111111,16.3511769501,1
308,13933,32.41,0.79,0,3558,2016-04-09 15:50:51,663.0444444444,21.1470571166,1
309,13934,32.41,0.82,0,3558,2016-04-09 15:50:51,654.652173913,19.5439497936,1
310,13935,32.41,0.87,0,3651,2016-04-09 15:50:53,651.0428571429,26.4820347267,1
311,13936,32.41,0.85,0,3762,2016-04-09 15:50:53,659.5915492958,21.9099163766,1
312,13937,32.41,0.87,0,3816,2016-04-09 15:50:55,662.1428571429,30.584910245,1
313,13938,32.41,0.86,0,3816,2016-04-09 15:50:55,641.3142857143,20.2467230909,1
314,13939,32.41,0.86,0,3816,2016-04-09 15:50:55,661.6,15.96818265,1
315,13940,32.41,0.85,0,3900,2016-04-09 15:50:55,655.2777777778,24.665102553,1
316,13941,32.41,0.86,0,3900,2016-04-09 15:50:56,653,19.1874959283,1
317,13942,32.41,0.81,0,3900,2016-04-09 15:50:56,625.44,110.2731445094,1
318,13943,32.41,0.73,0,4032,2016-04-09 15:50:56,626.8367346939,122.591631192,1
319,13944,32.41,0.83,0,4032,2016-04-09 15:50:57,655.2222222222,75.422186211,1
320,13945,32.41,0.82,0,3987,2016-04-09 15:50:57,644.0555555556,23.644290413,1
321,13946,32.41,0.84,0,3987,2016-04-09 15:50:57,641.1111111111,15.514827635,1
322,13947,32.41,0.8,0,3987,2016-04-09 15:50:57,644.25,19.3539760486,1
323,13948,32.41,0.8,0,3987,2016-04-09 15:50:58,653.9863945578,19.6655665764,1
324,13949,32.45,0.85,0,3987,2016-04-09 15:50:59,650.9066666667,19.6690439241,1
325,13950,32.47,0.84,0,4065,2016-04-09 15:51:00,654.954887218,21.6287418986,1
326,13951,32.49,0.84,0,3978,2016-04-09 15:51:01,655.7733333333,17.9555550055,1
327,13952,32.49,0.72,0,4062,2016-04-09 15:51:03,638,14.7017977521,1
328,13953,32.53,0.68,0,4062,2016-04-09 15:51:03,657.2142857143,12.6388209861,1
329,13954,32.49,0.65,0,4047,2016-04-09 15:51:03,648.1785714286,15.9598907341,1
330,13955,32.49,0.65,0,4047,2016-04-09 15:51:03,651.2857142857,11.3793583263,1
331,13956,32.49,0.65,0,4047,2016-04-09 15:51:03,639.2962962963,7.6633558784,1
332,13957,32.53,0.7,0,4047,2016-04-09 15:51:04,649.2777777778,20.5677891524,1
333,13958,32.53,0.65,0,3882,2016-04-09 15:51:04,650.5138888889,11.3956534788,1
334,13959,32.53,0.43,0,3882,2016-04-09 15:51:05,650.5,9.9289140057,1
335,13960,32.53,0.1,0,3882,2016-04-09 15:51:05,646.3333333333,15.6941248738,1
336,13961,32.49,0.02,0,3630,2016-04-09 15:51:05,643.4166666667,19.9037615094,1
337,13962,32.53,0.02,0,3630,2016-04-09 15:51:05,654.375,22.0677224697,1
338,13963,32.53,0.02,0,3630,2016-04-09 15:51:05,658.5833333333,7.1292628573,1
339,13964,32.55,0.02,0,3207,2016-04-09 15:51:07,646.4444444444,8.9176617652,1
340,13965,32.55,0.02,0,3207,2016-04-09 15:51:07,649.1666666667,11.2063969827,1
341,13966,32.59,0.02,0,2547,2016-04-09 15:51:07,656.0833333333,2.5644470922,1
342,13967,32.55,0.02,0,2547,2016-04-09 15:51:08,652.8181818182,3.1857119033,1
343,13968,32.59,0.02,0,2547,2016-04-09 15:51:08,650.652173913,0.5601782055,1
344,13969,32.53,1.14,0,0,2016-04-09 15:51:46,645.6862745098,16.9769049537,1
345,13970,32.59,1.09,0,114,2016-04-09 15:51:46,653.3725490196,21.7760083707,1
346,13971,32.69,0.05,0,0,2016-04-09 15:52:08,650.92,0.3919183588,1
347,13972,32.69,0.04,0,0,2016-04-09 15:52:08,650.36,0.7418894796,1
348,13973,32.69,0.03,0,0,2016-04-09 15:52:08,649.84,0.6118823416,1
349,13974,32.69,0.02,0,0,2016-04-09 15:52:08,651.48,1.8356470249,1
350,13975,32.63,0.02,0,0,2016-04-09 15:52:08,650.44,0.637495098,1
351,13976,32.69,0.02,0,0,2016-04-09 15:52:09,649.8863636364,0.8585375803,1
352,13977,32.63,0.02,0,0,2016-04-09 15:52:09,651.4090909091,0.717260629,1
353,13978,32.69,0.02,0,0,2016-04-09 15:52:09,650.4888888889,1.0877545112,1
354,13979,32.69,0.02,0,0,2016-04-09 15:52:10,649.2962962963,0.531581485,1
355,13980,32.67,0.02,0,0,2016-04-09 15:52:10,649.5185185185,0.7388865683,1
356,13981,32.67,0.02,0,0,2016-04-09 15:52:10,650.037037037,0.4287347001,1
357,13982,32.67,0.02,0,0,2016-04-09 15:52:10,650.2592592593,0.7499428419,1
358,13983,32.69,0.02,0,0,2016-04-09 15:52:10,650.5384615385,1.6226940854,1
359,13984,32.67,0.02,0,0,2016-04-09 15:52:11,651.0263157895,1.2244621183,1
360,13985,32.69,0.02,0,0,2016-04-09 15:52:11,650.1578947368,0.6293821444,1
361,13986,32.67,0.02,0,0,2016-04-09 15:52:11,650.4210526316,1.3105157472,1
362,13987,32.69,0.02,0,0,2016-04-09 15:52:11,650.25,1.1346805718,1
363,13988,32.75,0.02,0,0,2016-04-09 15:52:12,650.1666666667,0.4409585518,1
364,13989,32.75,0.02,0,0,2016-04-09 15:52:12,649.8888888889,0.6136311676,1
365,13990,32.75,0.02,0,0,2016-04-09 15:52:12,650.1666666667,0.5527707984,1
366,13991,32.72,0.02,0,0,2016-04-09 15:52:12,650.0833333333,0.5464532104,1
367,13992,32.75,0.02,0,0,2016-04-09 15:52:13,650.3684210526,0.624965373,1
368,13993,32.74,0.02,0,0,2016-04-09 15:52:13,650,0.7254762501,1
369,13994,32.75,0.02,0,0,2016-04-09 15:52:13,650.0263157895,0.6277294969,1
370,13995,32.75,0.02,0,0,2016-04-09 15:52:13,650.7,1.630950643,1
371,13996,32.71,0.02,0,0,2016-04-09 15:52:14,650.275862069,0.9430892642,1
372,13997,32.71,0.02,0,0,2016-04-09 15:52:14,650.1379310345,0.7756704744,1
373,13998,32.71,0.02,0,0,2016-04-09 15:52:14,649.7931034483,0.4827586207,1
374,13999,32.71,0.02,0,0,2016-04-09 15:52:14,651.2413793103,1.7151489814,1
375,14000,32.71,0.02,0,0,2016-04-09 15:52:14,650.9677419355,1.0312495073,1
376,14001,32.71,0.02,0,0,2016-04-09 15:52:15,650.5882352941,0.9112901991,1
377,14002,32.71,0.02,0,0,2016-04-09 15:52:15,649.3529411765,0.5882352941,1
378,14003,32.71,0.02,0,0,2016-04-09 15:52:15,649.5294117647,0.848365006,1
379,14004,32.75,0.02,0,0,2016-04-09 15:52:15,650.1176470588,0.962982679,1
380,14005,32.69,0.99,0,0,2016-04-09 15:52:15,651.1176470588,0.4705882353,1
381,14006,32.69,0.85,0,0,2016-04-09 15:52:15,647.4705882353,9.9120701646,1
382,14007,32.71,0.9,0,0,2016-04-09 15:52:16,660.6923076923,17.4879502048,1
383,14008,32.75,1,0,0,2016-04-09 15:52:16,652.9230769231,17.2958934142,1
384,14009,32.71,1.31,0,30,2016-04-09 15:52:16,645.1153846154,27.5001075845,1
385,14010,32.71,1.42,0,30,2016-04-09 15:52:16,638.4230769231,21.6815644428,1
386,14011,32.71,1.25,0,30,2016-04-09 15:52:16,657.28,24.9535889202,1
387,14012,32.75,1.06,0,30,2016-04-09 15:52:17,652.6752136752,22.4152073912,1
388,14013,32.77,0.94,0,1041,2016-04-09 15:52:18,652.4583333333,28.3871731108,1
389,14014,32.77,0.88,0,1041,2016-04-09 15:52:18,635.75,19.0531056086,1
390,14015,32.75,0.9,0,1041,2016-04-09 15:52:18,646.375,16.7799793901,1
391,14016,32.75,0.92,0,1041,2016-04-09 15:52:18,657.0384615385,21.8376540886,1
392,14017,32.75,0.9,0,1821,2016-04-09 15:52:19,651.6060606061,12.5961499504,1
393,14018,32.75,0.92,0,1821,2016-04-09 15:52:19,639.7878787879,15.8530325476,1
394,14019,32.75,0.88,0,1821,2016-04-09 15:52:19,655.7352941176,20.1206783062,1
395,14020,32.75,0.91,0,1821,2016-04-09 15:52:20,669.6,10.3460137251,1
396,14021,32.75,0.84,0,1821,2016-04-09 15:52:20,638.8,10.8762738718,1
397,14022,32.71,0.86,0,2622,2016-04-09 15:52:20,651.8,13.0547564767,1
398,14023,32.75,0.86,0,2622,2016-04-09 15:52:20,662.4666666667,15.1607680837,1
399,14024,32.72,0.87,0,2622,2016-04-09 15:52:20,639.4666666667,16.6367731914,1
400,14025,32.77,0.85,0,2622,2016-04-09 15:52:20,640.4615384615,9.451213879,1
401,14026,32.77,0.84,0,3417,2016-04-09 15:52:21,653.7288135593,19.408918541,1
402,14027,32.77,0.86,0,3417,2016-04-09 15:52:22,656.3548387097,16.8341978877,1
403,14028,32.77,0.87,0,3963,2016-04-09 15:52:22,649.4838709677,17.9297391589,1
404,14029,32.77,0.85,0,3963,2016-04-09 15:52:22,651.59375,14.834207459,1
405,14030,32.77,0.82,0,4182,2016-04-09 15:52:24,646.5588235294,22.2620637177,1
406,14031,32.77,0.83,0,4182,2016-04-09 15:52:24,650.4411764706,19.6007070348,1
407,14032,32.77,0.9,0,4182,2016-04-09 15:52:24,660.6176470588,19.8183140286,1
408,14033,32.77,0.83,0,4182,2016-04-09 15:52:24,654.4444444444,19.0152635247,1
409,14034,32.8,0.88,0,4161,2016-04-09 15:52:26,650.8819875776,18.9108332297,1
410,14035,32.81,0.84,0,4074,2016-04-09 15:52:27,658.1282051282,16.8844937013,1
411,14036,32.81,0.85,0,4074,2016-04-09 15:52:27,647.5316455696,17.0574868992,1
412,14037,32.83,0.85,0,4032,2016-04-09 15:52:29,649.3333333333,25.706678769,1
413,14038,32.83,0.83,0,4032,2016-04-09 15:52:29,653.6944444444,17.2446762227,1
414,14039,32.83,0.85,0,4032,2016-04-09 15:52:29,650.2222222222,22.024116972,1
415,14040,32.83,0.86,0,4032,2016-04-09 15:52:29,659.4722222222,18.1620576892,1
416,14041,32.83,0.86,0,4032,2016-04-09 15:52:30,643.5454545455,15.7501147838,1
417,14042,32.83,0.81,0,4026,2016-04-09 15:52:30,660.5454545455,21.592775039,1
418,14043,32.85,0.83,0,4026,2016-04-09 15:52:30,669.8636363636,23.4060898341,1
419,14044,32.84,0.82,0,4026,2016-04-09 15:52:30,662.0909090909,18.9446780507,1
420,14045,32.85,0.82,0,4026,2016-04-09 15:52:30,644.5454545455,11.8426320505,1
421,14046,32.83,0.83,0,4026,2016-04-09 15:52:30,647.9565217391,20.59438138,1
422,14047,32.83,0.84,0,3996,2016-04-09 15:52:31,651.4358974359,17.3305641848,1
423,14048,32.83,0.02,0,3996,2016-04-09 15:52:31,653.1282051282,14.6018605895,1
424,14049,32.83,0.02,0,3996,2016-04-09 15:52:32,648.7254901961,17.2582216058,1
425,14050,32.85,0.02,0,3741,2016-04-09 15:52:32,651.8431372549,12.7099969131,1
426,14051,32.85,0.02,0,3741,2016-04-09 15:52:32,654.1923076923,18.4234783961,1
427,14052,32.85,0.02,0,3189,2016-04-09 15:52:33,664.9189189189,18.3720974959,1
428,14053,32.85,0.02,0,3189,2016-04-09 15:52:33,654.1081081081,11.4650674702,1
429,14054,32.85,0.02,0,3189,2016-04-09 15:52:33,659.1081081081,6.6567737652,1
430,14055,32.85,0.02,0,2511,2016-04-09 15:52:34,651.2941176471,5.6648005612,1
431,14056,32.85,0.02,0,2511,2016-04-09 15:52:34,651.0588235294,1.1616716269,1
432,14057,32.85,0.02,0,2511,2016-04-09 15:52:34,651.5882352941,1.4166581857,1
433,14058,32.85,0.02,0,2511,2016-04-09 15:52:34,649.2941176471,1.8073284113,1
434,14059,32.85,1.11,0,111,2016-04-09 15:53:17,652.56,8.2028287804,1
435,14060,32.85,1.18,0,111,2016-04-09 15:53:17,636.52,6.8825576641,1
436,14061,32.85,1.08,0,111,2016-04-09 15:53:17,664.48,8.9983109526,1
437,14062,32.85,1.11,0,111,2016-04-09 15:53:17,653.3333333333,10.7651701746,1
438,14063,32.89,0.87,0,519,2016-04-09 15:53:18,652.3238095238,15.8730050794,1
439,14064,32.85,0.76,0,1185,2016-04-09 15:53:19,651.8823529412,15.8072297418,1
440,14065,32.85,0.78,0,1185,2016-04-09 15:53:19,653.2058823529,14.5375364281,1
441,14066,32.85,0.77,0,1185,2016-04-09 15:53:19,661,20.459429007,1
442,14067,32.85,0.8,0,1185,2016-04-09 15:53:19,652.0588235294,20.7335209922,1
443,14068,32.85,0.76,0,1185,2016-04-09 15:53:20,652.0625,22.7636463193,1
444,14069,32.85,0.76,0,1908,2016-04-09 15:53:20,649.125,14.1312670463,1
445,14070,32.89,0.82,0,1908,2016-04-09 15:53:20,650.2127659574,17.4806107423,1
446,14071,32.89,0.77,0,2658,2016-04-09 15:53:21,652.2794117647,15.0965964106,1
447,14072,32.85,0.8,0,2658,2016-04-09 15:53:21,670.6268656716,30.1220580757,1
448,14073,32.89,0.76,0,3282,2016-04-09 15:53:22,661.7,20.7800384985,1
449,14074,32.85,0.75,0,3282,2016-04-09 15:53:22,653.25,22.7329606519,1
450,14075,32.85,0.75,0,3282,2016-04-09 15:53:22,644.3,18.0335797888,1
451,14076,32.89,0.74,0,3282,2016-04-09 15:53:22,660.2,23.8340093144,1
452,14077,32.89,0.74,0,3282,2016-04-09 15:53:22,635.05,50.2528357409,1
453,14078,32.89,0.75,0,3282,2016-04-09 15:53:22,648.4285714286,22.7524387569,1
454,14079,32.89,0.8,0,3282,2016-04-09 15:53:23,648.5384615385,18.3768892681,1
455,14080,32.85,0.78,0,3282,2016-04-09 15:53:23,655.5769230769,12.016568936,1
456,14081,32.85,0.78,0,3600,2016-04-09 15:53:23,658.9230769231,15.6055292886,1
457,14082,32.89,0.76,0,3600,2016-04-09 15:53:23,646.4230769231,15.87250423,1
458,14083,32.89,0.77,0,3600,2016-04-09 15:53:23,666.0384615385,18.5399377006,1
459,14084,32.91,0.75,0,3702,2016-04-09 15:53:24,657.1520467836,22.3750653282,1
460,14085,32.91,0.76,0,3702,2016-04-09 15:53:25,649.8235294118,16.1071240874,1
461,14086,32.91,0.77,0,3759,2016-04-09 15:53:25,659.6764705882,11.8909767774,1
462,14087,32.89,0.77,0,3759,2016-04-09 15:53:25,643.1176470588,12.715818555,1
463,14088,32.91,0.75,0,3759,2016-04-09 15:53:25,648.4166666667,17.1405545742,1
464,14089,32.97,0.79,0,3783,2016-04-09 15:53:27,652.2361111111,21.0894214237,1
465,14090,32.97,0.8,0,3783,2016-04-09 15:53:27,651.7808219178,16.1629091503,1
466,14091,32.97,0.77,0,3831,2016-04-09 15:53:28,651.3026315789,19.1840255207,1
467,14092,32.95,0.8,0,3831,2016-04-09 15:53:28,651.0133333333,18.561245169,1
468,14093,32.97,0.77,0,3858,2016-04-09 15:53:29,658.9545454545,25.0244921349,1
469,14094,32.97,0.75,0,3858,2016-04-09 15:53:29,654.4090909091,11.3804421184,1
470,14095,32.97,0.82,0,3858,2016-04-09 15:53:29,645.9545454545,24.8440175216,1
471,14096,32.97,0.78,0,3858,2016-04-09 15:53:29,649.1363636364,17.0675008943,1
472,14097,32.97,0.79,0,3858,2016-04-09 15:53:29,652.7272727273,20.9765709525,1
473,14098,32.96,0.77,0,3858,2016-04-09 15:53:29,650.2631578947,20.7512640205,1
474,14099,32.97,0.76,0,3858,2016-04-09 15:53:30,662.7837837838,15.2778503071,1
475,14100,32.97,0.82,0,3891,2016-04-09 15:53:30,650.8648648649,12.0789344486,1
476,14101,32.97,0.82,0,3891,2016-04-09 15:53:30,656.4594594595,16.9731020825,1
477,14102,32.96,0.78,0,3891,2016-04-09 15:53:30,651.0526315789,23.1004071147,1
478,14103,33.01,0.73,0,3903,2016-04-09 15:53:31,657.8444444444,16.9390483211,1
479,14104,33.03,0.77,0,3903,2016-04-09 15:53:31,652.8,20.8407720053,1
480,14105,33.03,0.84,0,3903,2016-04-09 15:53:31,653.6222222222,15.4276647457,1
481,14106,32.99,0.79,0,3945,2016-04-09 15:53:32,648.8493150685,18.4068712847,1
482,14107,32.95,0.77,0,3945,2016-04-09 15:53:32,661.5890410959,17.6292375583,1
483,14108,33.05,0.78,0,3951,2016-04-09 15:53:33,654.8684210526,23.4371174946,1
484,14109,33.05,0.83,0,3951,2016-04-09 15:53:33,667.2894736842,20.722994976,1
485,14110,33.03,0.75,0,3951,2016-04-09 15:53:34,645.6052631579,16.9341440722,1
486,14111,33.05,0.73,0,3912,2016-04-09 15:53:34,651.4210526316,27.0949903885,1
487,14112,33.03,0.74,0,3912,2016-04-09 15:53:34,654.0526315789,15.5647161173,1
488,14113,33.03,0.75,0,3912,2016-04-09 15:53:34,651.1621621622,16.3368486053,1
489,14114,33.05,0.75,0,3864,2016-04-09 15:53:35,649.6329113924,16.5882200197,1
490,14115,33.05,0.78,0,3864,2016-04-09 15:53:35,659.9240506329,20.2232928443,1
491,14116,33.03,0.75,0,3855,2016-04-09 15:53:36,656.748502994,17.2184689044,1
492,14117,33.05,0.83,0,3855,2016-04-09 15:53:37,655.7307692308,16.4672737433,1
493,14118,33.05,0.73,0,3843,2016-04-09 15:53:37,648.3506493507,19.40328412,1
494,14119,33.11,0.67,0,3786,2016-04-09 15:53:39,654.2191780822,17.6466431868,1
495,14120,33.11,0.69,0,3786,2016-04-09 15:53:39,648.095890411,18.8724372358,1
496,14121,33.13,0.03,0,3711,2016-04-09 15:53:40,650.9038461538,18.7291007786,1
497,14122,33.11,0.02,0,3711,2016-04-09 15:53:40,649.1886792453,12.1996854333,1
498,14123,33.11,0.02,0,3387,2016-04-09 15:53:41,647.8333333333,17.1212992757,1
499,14124,33.07,0.02,0,3387,2016-04-09 15:53:41,653.4545454545,11.3102016409,1
500,14125,33.07,0.02,0,2856,2016-04-09 15:53:42,657.4259259259,13.5326790371,1
501,14126,33.07,0.02,0,2856,2016-04-09 15:53:42,649.7818181818,8.7025407138,1
502,14127,33.13,0.02,0,2160,2016-04-09 15:53:43,651.2777777778,2.1680907001,1
503,14128,33.13,0.02,0,2160,2016-04-09 15:53:43,650.6666666667,0.6236095645,1
504,14129,33.13,0.02,0,2160,2016-04-09 15:53:43,650.4324324324,0.5945945946,1
505,14130,33.13,0.02,0,1431,2016-04-09 15:53:44,649.3333333333,0.9428090416,1
506,14131,33.19,0.72,0,780,2016-04-09 15:53:58,649.9897959184,17.9207409752,1
507,14132,33.19,0.72,0,1428,2016-04-09 15:53:59,648.6902654867,14.5018031506,1
508,14133,33.25,0.76,0,1428,2016-04-09 15:54:00,649.5984848485,16.0740991776,1
509,14134,33.19,0.76,0,3297,2016-04-09 15:54:02,655.0769230769,19.0638395995,1
510,14135,33.19,0.79,0,3297,2016-04-09 15:54:02,650.3417721519,17.9731769738,1
511,14136,33.21,0.74,0,3507,2016-04-09 15:54:03,650.9,17.6245094494,1
512,14137,33.19,0.77,0,3507,2016-04-09 15:54:03,658.5666666667,11.4562452643,1
513,14138,33.21,0.76,0,3507,2016-04-09 15:54:03,646.8,13.6562561976,1
514,14139,33.19,0.75,0,3507,2016-04-09 15:54:03,648.4642857143,16.4348978502,1
515,14140,33.21,0.73,0,3642,2016-04-09 15:54:04,649.5263157895,18.7121362843,1
516,14141,33.19,0.76,0,3642,2016-04-09 15:54:04,641.5789473684,20.9794781669,1
517,14142,33.21,0.75,0,3642,2016-04-09 15:54:04,657.6842105263,13.5143301393,1
518,14143,33.25,0.82,0,3642,2016-04-09 15:54:04,649.5263157895,21.3476694674,1
519,14144,33.19,0.74,0,3642,2016-04-09 15:54:04,670.9047619048,9.7585360041,1
520,14145,33.19,0.76,0,3783,2016-04-09 15:54:06,651.592920354,18.5499264928,1
521,14146,33.25,0.74,0,3909,2016-04-09 15:54:07,648.7021276596,20.117295999,1
522,14147,33.25,0.76,0,3957,2016-04-09 15:54:08,651.4571428571,13.0785382694,1
523,14148,33.25,0.73,0,3957,2016-04-09 15:54:08,651.5428571429,18.5400614225,1
524,14149,33.21,0.73,0,3957,2016-04-09 15:54:08,657.3142857143,13.133972152,1
525,14150,33.21,0.75,0,3957,2016-04-09 15:54:08,644.9444444444,17.6634343654,1
526,14151,33.29,0.76,0,3993,2016-04-09 15:54:11,644.5633802817,18.1703460588,1
527,14152,33.27,0.76,0,3993,2016-04-09 15:54:11,655.5492957746,14.1777337155,1
528,14153,33.35,0.76,0,3966,2016-04-09 15:54:13,654.397260274,23.6421609274,1
529,14154,33.35,0.78,0,3966,2016-04-09 15:54:13,648.9452054795,15.4670577122,1
530,14155,33.33,0.75,0,3966,2016-04-09 15:54:14,649.08,17.5337845316,1
531,14156,33.29,0.74,0,3939,2016-04-09 15:54:14,659.28,23.8604610182,1
532,14157,33.33,0.75,0,3939,2016-04-09 15:54:14,644.4,19.5427736005,1
533,14158,33.35,0.81,0,3939,2016-04-09 15:54:14,642.44,18.2758419779,1
534,14159,33.35,0.75,0,3939,2016-04-09 15:54:14,661.347826087,17.058999144,1
535,14160,33.35,0.74,0,3939,2016-04-09 15:54:15,658.6086956522,21.8388149273,1
536,14161,33.35,0.75,0,3939,2016-04-09 15:54:15,653.9565217391,15.3806153008,1
537,14162,33.39,0.79,0,3903,2016-04-09 15:54:15,645.5744680851,17.5811125454,1
538,14163,33.37,0.77,0,3909,2016-04-09 15:54:16,649.4893617021,16.1783574113,1
539,14164,33.39,0.75,0,3909,2016-04-09 15:54:16,651.3191489362,17.8279082948,1
540,14165,33.39,0.68,0,3909,2016-04-09 15:54:16,656.2391304348,24.8300175827,1
541,14166,33.39,0.03,0,3837,2016-04-09 15:54:18,645.2368421053,26.996524348,1
542,14167,33.39,0.02,0,3594,2016-04-09 15:54:18,653.5,14.5742202102,1
543,14168,33.39,0.02,0,3594,2016-04-09 15:54:18,650.8461538462,11.0813737497,1
544,14169,34.15,0.74,0,1611,2016-04-09 15:56:54,661.6764705882,16.2385173697,1
545,14170,34.15,0.75,0,1611,2016-04-09 15:56:54,654.7714285714,15.8638595813,1
546,14171,34.15,0.76,0,2349,2016-04-09 15:56:55,659.1325301205,22.5499558327,1
547,14172,34.17,0.77,0,2349,2016-04-09 15:56:55,658.0120481928,22.342619048,1
548,14173,34.21,0.79,0,3099,2016-04-09 15:56:56,660.6724137931,21.2395109456,1
549,14174,34.13,0.8,0,3099,2016-04-09 15:56:56,649.5517241379,19.1213659282,1
550,14175,34.21,0.79,0,3870,2016-04-09 15:56:59,656.015625,20.9825017779,1
551,14176,34.21,0.82,0,3966,2016-04-09 15:57:00,665.8636363636,16.3743020796,1
552,14177,34.21,0.83,0,3966,2016-04-09 15:57:00,657.2272727273,27.2512415367,1
553,14178,34.21,0.81,0,3966,2016-04-09 15:57:00,656.9545454545,24.8659629957,1
554,14179,34.21,0.79,0,3966,2016-04-09 15:57:00,649.2272727273,24.917923119,1
555,14180,34.2,0.78,0,3966,2016-04-09 15:57:00,640.2727272727,15.3805716237,1
556,14181,34.21,0.79,0,3966,2016-04-09 15:57:00,658.2727272727,17.4855312088,1
557,14182,34.21,0.82,0,4104,2016-04-09 15:57:02,653.65625,28.116509135,1
558,14183,34.21,0.8,0,4104,2016-04-09 15:57:02,660.84375,16.7818901181,1
559,14184,34.23,0.78,0,4104,2016-04-09 15:57:02,651.1875,19.6141490703,1
560,14185,34.23,0.8,0,4104,2016-04-09 15:57:02,648.7272727273,19.9700878244,1
561,14186,34.21,0.79,0,4161,2016-04-09 15:57:03,655.75,19.0574788469,1
562,14187,34.21,0.79,0,4161,2016-04-09 15:57:03,651.6388888889,22.8231763027,1
563,14188,34.23,0.83,0,4161,2016-04-09 15:57:03,660.8333333333,23.1978207789,1
564,14189,34.23,0.8,0,4161,2016-04-09 15:57:03,654.2058823529,19.7138043778,1
565,14190,34.25,0.85,0,4224,2016-04-09 15:57:04,656.9594594595,23.4338858304,1
566,14191,34.23,0.81,0,4224,2016-04-09 15:57:04,650.8133333333,20.7850544596,1
567,14192,34.3,0.83,0,4158,2016-04-09 15:57:07,664.5,16.1141759537,1
568,14193,34.31,0.83,0,4158,2016-04-09 15:57:07,655.5416666667,26.922696693,1
569,14194,34.29,0.78,0,4158,2016-04-09 15:57:07,649.5416666667,21.2896280824,1
570,14195,34.25,0.8,0,4158,2016-04-09 15:57:07,643.875,29.8053581592,1
571,14196,34.31,0.78,0,4158,2016-04-09 15:57:07,663.2083333333,17.085518153,1
572,14197,34.29,0.83,0,4158,2016-04-09 15:57:07,659.4583333333,27.2457629224,1
573,14198,34.33,0.78,0,4050,2016-04-09 15:57:10,654.44,19.3537179891,1
574,14199,34.33,0.77,0,4050,2016-04-09 15:57:10,653.12,13.7384715307,1
575,14200,34.33,0.8,0,4050,2016-04-09 15:57:10,656.44,28.3253667231,1
576,14201,34.33,0.85,0,4050,2016-04-09 15:57:10,665.4,26.5088664412,1
577,14202,34.37,0.83,0,4050,2016-04-09 15:57:10,653.25,17.7229841355,1
578,14203,34.39,0.78,0,4020,2016-04-09 15:57:12,649.7826086957,23.6697505024,1
579,14204,34.39,0.83,0,4020,2016-04-09 15:57:12,660.5652173913,22.5616567518,1
580,14205,34.37,0.83,0,4020,2016-04-09 15:57:12,660.8695652174,17.8868529514,1
581,14206,34.37,0.78,0,4020,2016-04-09 15:57:12,665.2173913043,23.3181334956,1
582,14207,34.37,0.76,0,4020,2016-04-09 15:57:12,648.9130434783,21.6853247181,1
583,14208,34.39,0.81,0,4020,2016-04-09 15:57:12,655.72,17.858376186,1
584,14209,34.37,0.76,0,4014,2016-04-09 15:57:13,657.0952380952,17.2292795137,1
585,14210,34.37,0.76,0,4014,2016-04-09 15:57:13,663.8571428571,19.8429205663,1
586,14211,34.31,0.66,0,4014,2016-04-09 15:57:13,660.8571428571,32.0806806042,1
587,14212,34.33,0.26,0,4014,2016-04-09 15:57:13,646.2380952381,68.7645428857,1
588,14213,34.37,0.02,0,4014,2016-04-09 15:57:13,645.7142857143,68.932087253,1
589,14214,34.37,0.02,0,4014,2016-04-09 15:57:13,642.0454545455,68.9667095401,1
590,14215,34.43,0.02,0,3765,2016-04-09 15:57:14,657.4782608696,63.1672747542,1
591,14216,34.39,0.02,0,3765,2016-04-09 15:57:14,655.5217391304,47.1975830552,1
592,14217,34.39,0.02,0,3213,2016-04-09 15:57:15,657.3173076923,34.3358033655,1
593,14218,34.43,0.02,0,2487,2016-04-09 15:57:16,654.65625,0.9222721602,1
594,14219,34.43,0.02,0,2487,2016-04-09 15:57:16,656.34375,0.5921029788,1
595,14220,34.43,0.02,0,2487,2016-04-09 15:57:16,655.9375,0.4960783708,1
596,14221,34.43,0.69,0,1350,2016-04-09 15:57:55,655.6212121212,17.0398509308,1
597,14222,34.43,0.69,0,1350,2016-04-09 15:57:55,660.4626865672,15.1601681145,1
598,14223,34.43,0.67,0,2019,2016-04-09 15:57:56,648.4230769231,10.4372597233,1
599,14224,34.45,0.61,0,2019,2016-04-09 15:57:56,662,12.2537278472,1
600,14225,34.45,0.61,0,2019,2016-04-09 15:57:56,661.6666666667,8.3088529315,1
601,14226,34.45,0.72,0,3261,2016-04-09 15:57:58,659.96875,20.6768052038,1
602,14227,34.47,0.75,0,3261,2016-04-09 15:57:58,655.5,13.3416640641,1
603,14228,34.45,0.75,0,3261,2016-04-09 15:57:58,651.375,12.7101091655,1
604,14229,34.43,0.76,0,3261,2016-04-09 15:57:58,659.6774193548,19.6475182653,1
605,14230,34.43,0.76,0,3528,2016-04-09 15:57:59,654.9583333333,22.7531667515,1
606,14231,34.43,0.8,0,3528,2016-04-09 15:57:59,647.2083333333,20.7142848591,1
607,14232,34.45,0.79,0,3528,2016-04-09 15:57:59,657.5,11.3100250515,1
608,14233,34.45,0.75,0,3528,2016-04-09 15:57:59,660.0833333333,12.068956965,1
609,14234,34.45,0.75,0,3528,2016-04-09 15:57:59,652.8461538462,18.0057518752,1
610,14235,34.47,0.76,0,3780,2016-04-09 15:58:01,653.8775510204,26.5527066556,1
611,14236,34.46,0.74,0,3780,2016-04-09 15:58:01,661.4897959184,21.067551652,1
612,14237,34.47,0.75,0,3780,2016-04-09 15:58:01,659.96,13.9799284691,1
613,14238,34.45,0.81,0,3879,2016-04-09 15:58:02,661.6388888889,15.7518125549,1
614,14239,34.45,0.76,0,3879,2016-04-09 15:58:02,663.2777777778,12.3256983375,1
615,14240,34.45,0.75,0,3879,2016-04-09 15:58:02,659.3055555556,13.2052587262,1
616,14241,34.45,0.74,0,3879,2016-04-09 15:58:02,656.3783783784,17.8148910554,1
617,14242,34.46,0.75,0,3852,2016-04-09 15:58:04,652.7246376812,22.8116954862,1
618,14243,34.47,0.74,0,3852,2016-04-09 15:58:04,658.2173913043,17.8762813995,1
619,14244,34.51,0.76,0,3894,2016-04-09 15:58:06,659.0405405405,28.9031183154,1
620,14245,34.51,0.74,0,3894,2016-04-09 15:58:06,649.5405405405,20.3743275062,1
621,14246,34.51,0.73,0,3894,2016-04-09 15:58:07,659.2467532468,15.1436033765,1
622,14247,34.53,0.76,0,3945,2016-04-09 15:58:07,654.2207792208,15.3518249489,1
623,14248,34.53,0.77,0,3945,2016-04-09 15:58:08,663.0434782609,14.7131359849,1
624,14249,34.51,0.75,0,3945,2016-04-09 15:58:08,656.347826087,16.4385778917,1
625,14250,34.51,0.74,0,3945,2016-04-09 15:58:08,653.2173913043,13.5356422303,1
626,14251,34.51,0.75,0,3945,2016-04-09 15:58:08,655,16.8238960488,1
627,14252,34.47,0.73,0,3945,2016-04-09 15:58:08,656.4782608696,11.5037595564,1
628,14253,34.51,0.73,0,3945,2016-04-09 15:58:08,647.347826087,24.2157130009,1
629,14254,34.51,0.72,0,3960,2016-04-09 15:58:09,653.2080536913,19.0584671482,1
630,14255,34.58,0.76,0,3975,2016-04-09 15:58:10,657.9189189189,26.4159844918,1
631,14256,34.55,0.74,0,3975,2016-04-09 15:58:10,661.1891891892,15.5056011464,1
632,14257,34.53,0.73,0,3975,2016-04-09 15:58:10,659.2162162162,18.8538262446,1
633,14258,34.55,0.78,0,3975,2016-04-09 15:58:10,648.6944444444,14.3890765754,1
634,14259,34.55,0.72,0,3942,2016-04-09 15:58:11,649.55,15.4652028761,1
635,14260,34.55,0.75,0,3942,2016-04-09 15:58:11,654.4556962025,21.9440009208,1
636,14261,34.55,0.72,0,3954,2016-04-09 15:58:12,658.125,19.9674806646,1
637,14262,34.55,0.72,0,3954,2016-04-09 15:58:12,652.1264367816,20.9733298611,1
638,14263,34.58,0.73,0,3888,2016-04-09 15:58:13,656.6351351351,17.1586983097,1
639,14264,34.55,0.74,0,3888,2016-04-09 15:58:13,650.6216216216,21.7210215172,1
640,14265,34.61,0.77,0,3849,2016-04-09 15:58:17,661.5238095238,11.8587682955,1
641,14266,34.61,0.71,0,3849,2016-04-09 15:58:17,667.0952380952,16.6043733823,1
642,14267,34.61,0.71,0,3849,2016-04-09 15:58:17,647.7619047619,13.0599524607,1
643,14268,34.61,0.71,0,3849,2016-04-09 15:58:17,664.4285714286,25.3162312485,1
644,14269,34.59,0.69,0,3849,2016-04-09 15:58:17,667.5238095238,21.2459946872,1
645,14270,34.61,0.68,0,3849,2016-04-09 15:58:17,641.35,17.582022068,1
646,14271,34.63,0.71,0,3882,2016-04-09 15:58:18,675.1875,20.7099575989,1
647,14272,34.67,0.66,0,3882,2016-04-09 15:58:18,656,29.1161467231,1
648,14273,34.63,0.65,0,3882,2016-04-09 15:58:18,650.5625,31.8864562746,1
649,14274,34.63,0.72,0,3882,2016-04-09 15:58:18,658.1875,34.3642596858,1
650,14275,34.67,0.03,0,3882,2016-04-09 15:58:18,661.9375,54.1519491224,1
651,14276,34.63,0.02,0,3882,2016-04-09 15:58:18,648.3125,37.3391864366,1
652,14277,34.63,0.02,0,3882,2016-04-09 15:58:18,668.6315789474,52.4878036222,1
653,14278,34.63,0.02,0,3690,2016-04-09 15:58:19,653.0857142857,38.1038966351,1
654,14279,34.61,0.02,0,3690,2016-04-09 15:58:19,656.7714285714,33.7436433923,1
655,14280,34.67,0.02,0,3690,2016-04-09 15:58:19,651.7941176471,21.3097318444,1
656,14281,34.69,1.3,0,0,2016-04-09 15:58:46,651.7857142857,10.9751574764,1
657,14282,34.71,1.34,0,0,2016-04-09 15:58:46,659.9285714286,14.409641047,1
658,14283,34.67,1.32,0,0,2016-04-09 15:58:46,656.5333333333,22.8673469287,1
659,14284,34.69,1.1,0,147,2016-04-09 15:58:47,644.7,6.4969223483,1
660,14285,34.69,1.06,0,147,2016-04-09 15:58:47,656.3,17.7203273107,1
661,14286,34.69,1.02,0,147,2016-04-09 15:58:47,662.9,6.6850579653,1
662,14287,34.69,0.89,0,147,2016-04-09 15:58:47,676.2,11.2853887837,1
663,14288,34.71,0.8,0,147,2016-04-09 15:58:47,658.8,5.1341990612,1
664,14289,34.71,0.78,0,147,2016-04-09 15:58:47,653.2,4.9355850717,1
665,14290,34.71,0.77,0,147,2016-04-09 15:58:47,675.3,11.5935326799,1
666,14291,34.71,0.75,0,147,2016-04-09 15:58:47,648.2,11.9816526406,1
667,14292,34.71,0.75,0,657,2016-04-09 15:58:47,655.3333333333,12.3648246607,1
668,14293,34.69,0.78,0,657,2016-04-09 15:58:48,649.5,15.5300783428,1
669,14294,34.71,0.69,0,657,2016-04-09 15:58:48,663.5,9.2294817478,1
670,14295,34.71,0.69,0,657,2016-04-09 15:58:48,639.6666666667,13.7339805673,1
671,14296,34.69,0.66,0,657,2016-04-09 15:58:48,655.6,15.5940159463,1
672,14297,34.69,0.65,0,1284,2016-04-09 15:58:48,651.9,13.8018114753,1
673,14298,34.69,0.66,0,1284,2016-04-09 15:58:49,653.0322580645,9.5494768341,1
674,14299,34.7,0.64,0,1284,2016-04-09 15:58:49,663.3548387097,8.5290712995,1
675,14300,34.69,0.68,0,1284,2016-04-09 15:58:49,657.4516129032,20.9574664648,1
676,14301,34.71,0.67,0,1284,2016-04-09 15:58:49,662.2333333333,15.4654094317,1
677,14302,34.71,0.62,0,1938,2016-04-09 15:58:50,649.3333333333,14.2532647332,1
678,14303,34.71,0.63,0,1938,2016-04-09 15:58:50,653.6666666667,17.3691936741,1
679,14304,34.71,0.66,0,1938,2016-04-09 15:58:50,669.1333333333,9.3656583087,1
680,14305,34.74,0.63,0,1938,2016-04-09 15:58:50,661.7333333333,8.5748987684,1
681,14306,34.75,0.63,0,1938,2016-04-09 15:58:50,652.2,4.2300512211,1
682,14307,34.71,0.62,0,1938,2016-04-09 15:58:50,651.4375,8.6455823257,1
683,14308,34.71,0.61,0,3159,2016-04-09 15:58:52,653.8888888889,15.0513524268,1
684,14309,34.69,0.63,0,3159,2016-04-09 15:58:52,651.2777777778,10.2891828612,1
685,14310,34.71,0.65,0,3159,2016-04-09 15:58:52,644.4444444444,14.7769423323,1
686,14311,34.71,0.62,0,3159,2016-04-09 15:58:52,660.2222222222,17.1449881098,1
687,14312,34.67,0.63,0,3159,2016-04-09 15:58:52,661.3333333333,14.3022919686,1
688,14313,34.7,0.62,0,3159,2016-04-09 15:58:52,666.0666666667,14.326975334,1
689,14314,34.71,0.64,0,3321,2016-04-09 15:58:53,657.0555555556,10.9846975492,1
690,14315,34.71,0.63,0,3321,2016-04-09 15:58:53,660.9444444444,10.8677515932,1
691,14316,34.71,0.64,0,3321,2016-04-09 15:58:53,650.5,12.4398553046,1
692,14317,34.71,0.61,0,3321,2016-04-09 15:58:53,649.2941176471,9.4667511408,1
693,14318,34.71,0.61,0,3393,2016-04-09 15:58:54,652.5,8.3516465442,1
694,14319,34.69,0.61,0,3393,2016-04-09 15:58:54,666.9,8.1786306922,1
695,14320,34.71,0.6,0,3393,2016-04-09 15:58:54,657.8,11.1516814876,1
696,14321,34.71,0.61,0,3393,2016-04-09 15:58:54,646.55,6.0948748962,1
697,14322,34.75,0.61,0,3393,2016-04-09 15:58:54,666.45,6.399023363,1
698,14323,34.75,0.64,0,3393,2016-04-09 15:58:54,655.75,15.4333243341,1
699,14324,34.75,0.6,0,3393,2016-04-09 15:58:54,656.8095238095,10.4180203202,1
700,14325,34.75,0.66,0,3417,2016-04-09 15:58:55,647.1851851852,14.6970317916,1
701,14326,34.75,0.61,0,3417,2016-04-09 15:58:55,651.2407407407,11.0217548935,1
702,14327,34.75,0.6,0,3417,2016-04-09 15:58:55,660.8148148148,13.9018704764,1
703,14328,34.75,0.6,0,3444,2016-04-09 15:58:56,652.8255033557,11.0415515054,1
704,14329,34.8,0.61,0,3399,2016-04-09 15:58:57,647.275862069,11.3011947849,1
705,14330,34.77,0.6,0,3399,2016-04-09 15:58:57,661.0344827586,24.1767667879,1
706,14331,34.75,0.61,0,3399,2016-04-09 15:58:57,654.724137931,12.646102171,1
707,14332,34.75,0.61,0,3399,2016-04-09 15:58:57,643.3103448276,15.3220675842,1
708,14333,34.75,0.67,0,3399,2016-04-09 15:58:57,661.0967741935,10.5474498942,1
709,14334,34.75,0.79,0,3441,2016-04-09 15:58:58,648.8888888889,18.9450146542,1
710,14335,34.75,0.73,0,3441,2016-04-09 15:58:58,657.0740740741,16.9638524755,1
711,14336,34.77,0.73,0,3441,2016-04-09 15:58:58,645.962962963,26.9092872326,1
712,14337,34.77,0.72,0,3441,2016-04-09 15:58:58,649.5185185185,9.1017717867,1
713,14338,34.77,0.75,0,3441,2016-04-09 15:58:58,656.32,18.589717588,1
714,14339,34.81,0.72,0,3609,2016-04-09 15:59:00,659.875,18.3230558314,1
715,14340,34.81,0.74,0,3609,2016-04-09 15:59:00,637.5625,14.2169298286,1
716,14341,34.81,0.73,0,3609,2016-04-09 15:59:00,636.625,21.7021744302,1
717,14342,34.77,0.73,0,3609,2016-04-09 15:59:00,637.9375,24.973657997,1
718,14343,34.77,0.74,0,3609,2016-04-09 15:59:00,650.3125,8.1141754818,1
719,14344,34.81,0.72,0,3690,2016-04-09 15:59:00,656.8461538462,15.0784928539,1
720,14345,34.77,0.72,0,3690,2016-04-09 15:59:01,642.1052631579,14.8355715369,1
721,14346,34.81,0.72,0,3690,2016-04-09 15:59:01,654.5263157895,14.0426733886,1
722,14347,34.77,0.73,0,3690,2016-04-09 15:59:01,670.0526315789,24.1322533339,1
723,14348,34.77,0.72,0,3690,2016-04-09 15:59:01,656.5789473684,23.4191010423,1
724,14349,34.81,0.75,0,3690,2016-04-09 15:59:01,652.65,12.1666552511,1
725,14350,34.8,0.78,0,3759,2016-04-09 15:59:02,646.4,12.4795833264,1
726,14351,34.81,0.73,0,3759,2016-04-09 15:59:02,656.95,15.2920731099,1
727,14352,34.77,0.73,0,3759,2016-04-09 15:59:02,665.8,20.2721483815,1
728,14353,34.77,0.73,0,3759,2016-04-09 15:59:02,664.4,20.5703670361,1
729,14354,34.81,0.75,0,3759,2016-04-09 15:59:02,656.6666666667,11.1255461789,1
730,14355,34.83,0.76,0,3771,2016-04-09 15:59:04,653.5466666667,17.7728582082,1
731,14356,34.83,0.75,0,3771,2016-04-09 15:59:04,654.8533333333,15.0392316589,1
732,14357,34.84,0.75,0,3771,2016-04-09 15:59:05,651.4634146341,16.1579061083,1
733,14358,34.85,0.79,0,3771,2016-04-09 15:59:05,653.4691358025,16.1130929201,1
734,14359,34.91,0.75,0,3999,2016-04-09 15:59:09,655.7571428571,21.5104198765,1
735,14360,34.91,0.73,0,3999,2016-04-09 15:59:09,646.1549295775,19.2124137447,1
736,14361,34.91,0.75,0,4029,2016-04-09 15:59:10,654.3113772455,18.8472918341,1
737,14362,34.91,0.75,0,4008,2016-04-09 15:59:11,664.6666666667,20.8475951184,1
738,14363,34.93,0.75,0,4008,2016-04-09 15:59:11,647.4666666667,20.3651117792,1
739,14364,34.92,0.78,0,4008,2016-04-09 15:59:11,640.2727272727,16.071380034,1
740,14365,34.97,0.75,0,4032,2016-04-09 15:59:12,653,22.0193022869,1
741,14366,34.99,0.78,0,4005,2016-04-09 15:59:13,647.04,24.1850863137,1
742,14367,34.99,0.78,0,4005,2016-04-09 15:59:13,641.84,18.0968063481,1
743,14368,34.99,0.74,0,4005,2016-04-09 15:59:13,653.92,16.1788009444,1
744,14369,34.93,0.76,0,4005,2016-04-09 15:59:13,652.8,20.4626488999,1
745,14370,34.93,0.74,0,4005,2016-04-09 15:59:13,646.5652173913,13.4611391951,1
746,14371,34.99,0.67,0,3825,2016-04-09 15:59:16,659.92,17.8928365554,1
747,14372,34.99,0.02,0,3825,2016-04-09 15:59:16,631.8,20.2839838296,1
748,14373,35.01,0.02,0,3825,2016-04-09 15:59:16,661.48,21.1037816516,1
749,14374,35.01,0.02,0,3441,2016-04-09 15:59:16,645.1538461538,46.730563469,1
750,14375,35.05,0.02,0,3441,2016-04-09 15:59:17,650.4285714286,19.4852115561,1
751,14376,35.05,0.02,0,3441,2016-04-09 15:59:17,651.3714285714,10.4719645156,1
752,14377,35.05,0.02,0,3441,2016-04-09 15:59:17,649.3142857143,9.57309154,1
753,14378,35.05,0.02,0,2901,2016-04-09 15:59:18,657.56,8.1145794715,1
754,14379,35.05,0.02,0,2901,2016-04-09 15:59:18,654.04,4.9354229809,1
755,14380,35.07,0.02,0,2901,2016-04-09 15:59:18,658.64,1.2924395537,1
756,14381,35.05,0.02,0,2901,2016-04-09 15:59:18,656.4615384615,3.7645182472,1
757,14382,35.01,0.02,0,2169,2016-04-09 15:59:19,651.3611111111,0.8216777477,1
758,14383,35.05,0.02,0,2169,2016-04-09 15:59:19,654.1111111111,1.8675262571,1
759,14384,35.05,0.02,0,1407,2016-04-09 15:59:19,653.9459459459,1.8880269402,1
760,14385,35.05,0.02,0,1407,2016-04-09 15:59:20,650.0666666667,0.2494438258,1
761,14386,35.05,0.02,0,1407,2016-04-09 15:59:20,650.0666666667,0.4422166387,1
762,14387,35.05,0.02,0,1407,2016-04-09 15:59:20,654.4666666667,2.7535835237,1
763,14388,35.01,0.02,0,1407,2016-04-09 15:59:20,651.8,0.9092121131,1
764,14389,35.01,0.02,0,1407,2016-04-09 15:59:20,651.4,0.6110100927,1
765,14390,34.99,0.02,0,1407,2016-04-09 15:59:20,652.3333333333,2.4404006957,1
766,14391,35.01,0.02,0,714,2016-04-09 15:59:20,650.1764705882,0.7058823529,1
767,14392,35.05,0.02,0,714,2016-04-09 15:59:21,650.9230769231,0.266469355,1
768,14393,35.05,0.02,0,714,2016-04-09 15:59:21,651.4615384615,1.3367805536,1
769,14394,35.05,0.02,0,714,2016-04-09 15:59:21,651.6153846154,0.7378202344,1
770,14395,35.05,0.02,0,714,2016-04-09 15:59:21,650.7692307692,0.575639598,1
771,14396,35.05,0.02,0,714,2016-04-09 15:59:21,650.7692307692,0.4213250442,1
772,14397,35.07,0.02,0,714,2016-04-09 15:59:21,653,2.5419556372,1
773,14398,35.07,0.02,0,270,2016-04-09 15:59:21,651.9230769231,0.8284868934,1
774,14399,35.05,0.02,0,270,2016-04-09 15:59:22,651.1,0.5385164807,1
775,14400,35.07,0.02,0,270,2016-04-09 15:59:22,654.6,2.5961509971,1
776,14401,35.05,0.02,0,270,2016-04-09 15:59:22,654.9,0.8888194417,1
777,14402,35.05,0.02,0,270,2016-04-09 15:59:22,653.85,0.5722761571,1
778,14403,35.05,0.02,0,270,2016-04-09 15:59:22,651.5,1.0246950766,1
779,14404,35.09,0.02,0,48,2016-04-09 15:59:23,650.6774193548,1.5737175378,1
780,14405,35.07,0.02,0,48,2016-04-09 15:59:23,651.2258064516,0.9404761121,1
781,14406,35.07,0.02,0,48,2016-04-09 15:59:23,651.6875,2.1569292408,1
782,14407,35.07,0.02,0,0,2016-04-09 15:59:24,652.1515151515,1.2090871117,1
783,14408,35.13,0.02,0,0,2016-04-09 15:59:24,651.5454545455,1.5193880166,1
784,14409,35.07,0.02,0,0,2016-04-09 15:59:24,652.1515151515,1.3285036495,1
785,14410,35.07,0.02,0,0,2016-04-09 15:59:25,653.2857142857,2.5793528693,1
786,14411,35.13,0.02,0,0,2016-04-09 15:59:26,650.2941176471,0.4556450996,1
787,14412,35.07,0.02,0,0,2016-04-09 15:59:26,650.5294117647,1.6491583258,1
788,14413,35.07,0.02,0,0,2016-04-09 15:59:26,656.7058823529,0.4556450996,1
789,14414,35.07,0.02,0,0,2016-04-09 15:59:26,656.1176470588,0.5823232316,1
790,14415,35.05,0.02,0,0,2016-04-09 15:59:26,656.2352941176,0.5455069703,1
791,14416,35.07,0.02,0,0,2016-04-09 15:59:27,654.6875,0.768012858,1
792,14417,35.05,0.02,0,0,2016-04-09 15:59:27,655.875,0.3307189139,1
793,14418,35.05,0.02,0,0,2016-04-09 15:59:27,654.4375,0.7043392293,1
794,14419,35.05,0.02,0,0,2016-04-09 15:59:27,657.375,0.7806247498,1
795,14420,35.05,0.02,0,0,2016-04-09 15:59:27,655.5,0.8660254038,1
796,14421,35.07,0.02,0,0,2016-04-09 15:59:27,657.0769230769,0.8284868934,1
797,14422,34.97,1.05,0,33,2016-04-09 16:00:59,650.0208333333,9.9676342549,2
798,14423,34.97,1.11,0,33,2016-04-09 16:00:59,652.387755102,18.1060552804,2
799,14424,34.97,0.92,0,207,2016-04-09 16:01:00,657.9722222222,13.9592385002,2
800,14425,34.97,0.84,0,207,2016-04-09 16:01:00,652.1666666667,9.2330926563,2
801,14426,34.97,0.84,0,207,2016-04-09 16:01:00,660.5714285714,17.2200642346,2
802,14427,34.97,0.77,0,651,2016-04-09 16:01:01,658.8484848485,10.0276019434,2
803,14428,34.97,0.74,0,651,2016-04-09 16:01:01,656.6363636364,6.8791216045,2
804,14429,34.99,0.67,0,651,2016-04-09 16:01:01,649.0882352941,13.0730248695,2
805,14430,34.99,0.65,0,1269,2016-04-09 16:01:02,640.8823529412,8.4427647614,2
806,14431,34.97,0.69,0,1269,2016-04-09 16:01:02,633.6470588235,14.5599821286,2
807,14432,34.99,0.63,0,1269,2016-04-09 16:01:02,656.1764705882,6.7670072812,2
808,14433,34.99,0.64,0,1269,2016-04-09 16:01:02,652.8823529412,7.3314981451,2
809,14434,34.97,0.64,0,1269,2016-04-09 16:01:02,633.4117647059,11.8374223323,2
810,14435,34.99,0.73,0,1941,2016-04-09 16:01:02,656.4,11.1701984465,2
811,14436,34.99,0.65,0,1941,2016-04-09 16:01:03,646.6956521739,15.1153097815,2
812,14437,34.99,0.67,0,1941,2016-04-09 16:01:03,649.3043478261,14.9882121294,2
813,14438,34.98,0.74,0,1941,2016-04-09 16:01:03,669.9130434783,17.2750461988,2
814,14439,35.01,0.68,0,2640,2016-04-09 16:01:03,658.3043478261,28.047219164,2
815,14440,35.01,0.69,0,2640,2016-04-09 16:01:04,679.4347826087,25.6325643545,2
816,14441,34.99,0.68,0,2640,2016-04-09 16:01:04,666.6086956522,12.8595730893,2
817,14442,34.97,0.67,0,2640,2016-04-09 16:01:04,650.7826086957,15.1225616698,2
818,14443,34.97,0.72,0,3213,2016-04-09 16:01:04,656.0416666667,14.066743187,2
819,14444,34.99,0.67,0,3213,2016-04-09 16:01:05,664.4705882353,26.3396762834,2
820,14445,35.01,0.71,0,3213,2016-04-09 16:01:05,655,20.5455018692,2
821,14446,34.99,0.7,0,3213,2016-04-09 16:01:05,656.7647058824,12.4594845128,2
822,14447,34.97,0.67,0,3213,2016-04-09 16:01:05,652.9411764706,13.3128446964,2
823,14448,34.99,0.74,0,3213,2016-04-09 16:01:05,662.1764705882,14.8055446455,2
824,14449,35.01,0.72,0,3492,2016-04-09 16:01:05,641.4210526316,13.084003047,2
825,14450,35.01,0.67,0,3492,2016-04-09 16:01:06,656.9054054054,15.8038388417,2
826,14451,34.98,0.74,0,3492,2016-04-09 16:01:06,687.9054054054,37.1945829095,2
827,14452,34.99,0.74,0,3609,2016-04-09 16:01:07,701.75,41.3534587747,2
828,14453,34.99,0.68,0,3609,2016-04-09 16:01:07,656.1842105263,17.3809564015,2
829,14454,34.99,0.74,0,3645,2016-04-09 16:01:08,656,19.0520005092,2
830,14455,34.97,0.67,0,3645,2016-04-09 16:01:08,656.4468085106,15.6827707477,2
831,14456,34.99,0.67,0,3645,2016-04-09 16:01:08,656.3125,13.4677953065,2
832,14457,34.99,0.68,0,3624,2016-04-09 16:01:09,645.5892857143,17.6541949545,2
833,14458,34.99,0.68,0,3624,2016-04-09 16:01:09,648.9821428571,17.485188703,2
834,14459,34.97,0.67,0,3624,2016-04-09 16:01:09,659.2857142857,19.6047682663,2
835,14460,34.99,0.68,0,3636,2016-04-09 16:01:10,652.8219178082,17.0352917041,2
836,14461,34.97,0.67,0,3636,2016-04-09 16:01:10,649.5616438356,12.0125348931,2
837,14462,34.99,0.68,0,3669,2016-04-09 16:01:11,651.4305555556,17.6445036995,2
838,14463,35.01,0.72,0,3669,2016-04-09 16:01:11,647.4383561644,12.8947119897,2
839,14464,35.01,0.74,0,3672,2016-04-09 16:01:12,650.2181818182,13.5977149271,2
840,14465,35.05,0.73,0,3690,2016-04-09 16:01:12,649.4181818182,14.9662540514,2
841,14466,35.05,0.7,0,3690,2016-04-09 16:01:12,647.6909090909,12.0346057491,2
842,14467,35.05,0.68,0,3690,2016-04-09 16:01:13,641.8823529412,19.6734588392,2
843,14468,35.05,0.72,0,3690,2016-04-09 16:01:13,657.2352941176,14.7350299378,2
844,14469,35.05,0.67,0,3690,2016-04-09 16:01:13,653.4705882353,14.7134098382,2
845,14470,35.05,0.67,0,3690,2016-04-09 16:01:13,648.5882352941,18.0263167865,2
846,14471,35.05,0.69,0,3690,2016-04-09 16:01:13,658.1176470588,13.6807393718,2
847,14472,35.01,0.7,0,3690,2016-04-09 16:01:13,657.1764705882,12.9580104415,2
848,14473,35.04,0.67,0,3690,2016-04-09 16:01:13,668.9411764706,13.9599030345,2
849,14474,35.05,0.67,0,3639,2016-04-09 16:01:13,642.1666666667,16.3885122367,2
850,14475,35.01,0.68,0,3639,2016-04-09 16:01:14,650.3,14.5089627472,2
851,14476,35.05,0.74,0,3639,2016-04-09 16:01:14,633.15,8.0639630456,2
852,14477,35.01,0.68,0,3639,2016-04-09 16:01:14,658.65,18.5991263236,2
853,14478,35.01,0.67,0,3639,2016-04-09 16:01:14,650.45,15.0448496171,2
854,14479,35.01,0.68,0,3639,2016-04-09 16:01:14,647.65,8.8389761851,2
855,14480,35.03,0.68,0,3633,2016-04-09 16:01:14,652.55,13.040226225,2
856,14481,35.01,0.68,0,3633,2016-04-09 16:01:14,654.7058823529,21.2097777282,2
857,14482,35.05,0.68,0,3633,2016-04-09 16:01:15,651.978021978,19.5880531105,2
858,14483,35.07,0.73,0,3570,2016-04-09 16:01:16,647.0434782609,20.9585061301,2
859,14484,35.05,0.69,0,3570,2016-04-09 16:01:16,652.1304347826,22.7085587156,2
860,14485,35.02,0.65,0,3570,2016-04-09 16:01:16,642.2173913043,19.0330525362,2
861,14486,35.01,0.67,0,3570,2016-04-09 16:01:16,654.4782608696,15.0589264737,2
862,14487,35.05,0.67,0,3570,2016-04-09 16:01:16,660.7826086957,9.0022051489,2
863,14488,35.07,0.68,0,3540,2016-04-09 16:01:16,638.2272727273,11.3415239403,2
864,14489,35.07,0.66,0,3540,2016-04-09 16:01:17,652.0352941176,13.1430563719,2
865,14490,35.05,0.67,0,3540,2016-04-09 16:01:17,650.0235294118,17.3062222544,2
866,14491,35.02,0.72,0,3495,2016-04-09 16:01:18,650.7115384615,20.5317170574,2
867,14492,35.05,0.67,0,3495,2016-04-09 16:01:18,649.6538461538,13.1951107137,2
868,14493,35.07,0.67,0,3522,2016-04-09 16:01:18,656.2692307692,13.3504759129,2
869,14494,35.07,0.72,0,3522,2016-04-09 16:01:19,647.78,20.4580448724,2
870,14495,35.07,0.68,0,3522,2016-04-09 16:01:19,655.48,15.0787797915,2
871,14496,35.05,0.63,0,3453,2016-04-09 16:01:19,649.5306122449,14.1292893662,2
872,14497,35.07,0.52,0,3453,2016-04-09 16:01:20,657.5555555556,16.0746714345,2
873,14498,35.09,0.02,0,3453,2016-04-09 16:01:20,657.5925925926,22.1764961653,2
874,14499,35.09,0.02,0,3453,2016-04-09 16:01:20,650.5925925926,13.033459105,2
875,14500,35.09,0.02,0,3453,2016-04-09 16:01:20,634.8518518519,10.6517385251,2
876,14501,35.09,0.02,0,3453,2016-04-09 16:01:20,654.2307692308,9.2166558774,2
877,14502,35.13,0.02,0,3297,2016-04-09 16:01:21,652.4150943396,9.6532992938,2
878,14503,35.09,0.02,0,3297,2016-04-09 16:01:21,648.9433962264,9.9269313398,2
879,14504,35.09,0.02,0,2877,2016-04-09 16:01:22,648.4285714286,9.3786557498,2
880,14505,35.07,0.02,0,2877,2016-04-09 16:01:22,649.1020408163,7.7069936381,2
881,14506,35.07,0.02,0,2295,2016-04-09 16:01:23,646.1304347826,1.9405142265,2
882,14507,35.08,0.02,0,2295,2016-04-09 16:01:23,651.4347826087,1.6372322073,2
883,14508,35.09,0.02,0,2295,2016-04-09 16:01:23,650.2608695652,0.5289358722,2
884,14509,35.09,0.02,0,2295,2016-04-09 16:01:23,650.4166666667,0.7592027983,2
885,14510,35.15,0.02,0,1608,2016-04-09 16:01:24,650.2142857143,0.6738557951,2
886,14511,35.09,0.02,0,1608,2016-04-09 16:01:24,650.5,0.6813851439,2
887,14512,35.09,0.02,0,924,2016-04-09 16:01:24,650.1785714286,0.4670248868,2
888,14513,35.09,0.02,0,924,2016-04-09 16:01:24,651.1785714286,0.8041664464,2
889,14514,35.13,0.02,0,387,2016-04-09 16:01:25,651.2413793103,0.6245093199,2
890,14515,35.15,0.02,0,387,2016-04-09 16:01:26,650.88,1.1771151176,2
891,14516,35.15,0.02,0,387,2016-04-09 16:01:26,650.12,0.3249615362,2
892,14517,35.15,0.02,0,387,2016-04-09 16:01:26,650.4,1.4142135624,2
893,14518,35.14,0.02,0,387,2016-04-09 16:01:26,650.92,0.7959899497,2
894,14519,35.07,0.02,0,99,2016-04-09 16:01:27,651.1212121212,1.1216215469,2
895,14520,35.13,0.02,0,99,2016-04-09 16:01:27,650.5757575758,0.6527472493,2
896,14521,35.09,0.02,0,0,2016-04-09 16:01:27,650.625,0.8569568251,2
897,14522,35.13,0.02,0,0,2016-04-09 16:01:29,649.5294117647,1.7529016971,2
898,14523,35.15,0.02,0,0,2016-04-09 16:01:29,648.7058823529,2.294871671,2
899,14524,35.15,0.02,0,0,2016-04-09 16:01:29,650.8529411765,0.4292505741,2
900,14525,35.13,0.02,0,0,2016-04-09 16:01:30,650.5185185185,0.7388865683,2
901,14526,35.19,0.02,0,0,2016-04-09 16:01:30,650.4074074074,0.6241592425,2
902,14527,35.13,0.02,0,0,2016-04-09 16:01:30,650.3333333333,0.7200822998,2
903,14528,35.19,0.02,0,0,2016-04-09 16:01:30,650.3571428571,1.3151394743,2
904,14529,35.15,0.02,0,0,2016-04-09 16:01:31,651.7407407407,1.204700442,2
905,14530,35.07,1.06,0,147,2016-04-09 16:02:04,656.25,15.6091586363,2
906,14531,35.09,0.89,0,513,2016-04-09 16:02:05,656.8695652174,6.7198883779,2
907,14532,35.09,0.84,0,513,2016-04-09 16:02:05,638.652173913,10.3529399129,2
908,14533,35.13,0.77,0,513,2016-04-09 16:02:05,655.0869565217,18.1943924555,2
909,14534,35.07,0.73,0,513,2016-04-09 16:02:05,653.1739130435,6.9698242378,2
910,14535,35.09,0.7,0,513,2016-04-09 16:02:05,642.9565217391,11.7120460503,2
911,14536,35.13,0.68,0,1149,2016-04-09 16:02:05,664.2,9.0906545419,2
912,14537,35.08,0.64,0,1149,2016-04-09 16:02:06,655.2352941176,11.7899728671,2
913,14538,35.13,0.66,0,1149,2016-04-09 16:02:06,648.3921568627,13.5474162668,2
914,14539,35.09,0.61,0,1818,2016-04-09 16:02:07,648.7222222222,12.929175544,2
915,14540,35.13,0.68,0,1818,2016-04-09 16:02:07,646.6363636364,16.5346618146,2
916,14541,35.09,0.61,0,2991,2016-04-09 16:02:09,661.9756097561,13.8361276919,2
917,14542,35.09,0.65,0,2991,2016-04-09 16:02:09,638.9512195122,17.0164213651,2
918,14543,35.09,0.64,0,2991,2016-04-09 16:02:09,655.375,12.2468108093,2
919,14544,35.13,0.67,0,3297,2016-04-09 16:02:10,651.3666666667,15.7553870858,2
920,14545,35.09,0.69,0,3297,2016-04-09 16:02:10,655.0819672131,15.5966527325,2
921,14546,35.15,0.7,0,3351,2016-04-09 16:02:11,649.7661290323,15.3229265666,2
922,14547,35.13,0.72,0,3507,2016-04-09 16:02:12,650.46,18.3134304087,2
923,14548,35.13,0.67,0,3507,2016-04-09 16:02:13,650.75,23.1427634478,2
924,14549,35.13,0.67,0,3507,2016-04-09 16:02:13,655.95,10.7678920871,2
925,14550,35.13,0.74,0,3507,2016-04-09 16:02:13,652.2,26.0261407051,2
926,14551,35.13,0.76,0,3507,2016-04-09 16:02:13,647.55,19.5255601712,2
927,14552,35.15,0.75,0,3624,2016-04-09 16:02:13,664.65,7.9389860814,2
928,14553,35.15,0.73,0,3624,2016-04-09 16:02:13,647.85,11.7612711898,2
929,14554,35.15,0.74,0,3624,2016-04-09 16:02:14,659.0612244898,16.4483212508,2
930,14555,35.15,0.78,0,3624,2016-04-09 16:02:14,663.693877551,21.8923191093,2
931,14556,35.19,0.77,0,3624,2016-04-09 16:02:14,657.0416666667,16.2185058053,2
932,14557,35.19,0.76,0,3846,2016-04-09 16:02:16,656.256097561,20.0808190094,2
933,14558,35.19,0.78,0,3846,2016-04-09 16:02:16,657.1927710843,16.6012467461,2
934,14559,35.21,0.81,0,3927,2016-04-09 16:02:17,662.5666666667,13.1572117951,2
935,14560,35.21,0.75,0,3927,2016-04-09 16:02:17,657.3,17.1253223814,2
936,14561,35.21,0.75,0,3927,2016-04-09 16:02:17,653.2,10.9373976186,2
937,14562,35.19,0.75,0,3927,2016-04-09 16:02:17,650.5333333333,16.3538646469,2
938,14563,35.21,0.76,0,3984,2016-04-09 16:02:17,651.9375,11.8134920218,2
939,14564,35.23,0.77,0,4008,2016-04-09 16:02:20,651.04,15.5832730837,2
940,14565,35.23,0.78,0,4008,2016-04-09 16:02:20,658.88,17.7320500789,2
941,14566,35.23,0.77,0,3996,2016-04-09 16:02:20,657.74,18.0574749065,2
942,14567,35.19,0.76,0,3996,2016-04-09 16:02:21,660.8,14.9407719569,2
943,14568,35.21,0.75,0,3996,2016-04-09 16:02:21,649.7111111111,17.4249147579,2
944,14569,35.21,0.82,0,3957,2016-04-09 16:02:21,653.2954545455,20.0381222417,2
945,14570,35.27,0.79,0,3957,2016-04-09 16:02:22,665.0344827586,19.90924713,2
946,14571,35.21,0.77,0,3957,2016-04-09 16:02:22,665.8620689655,14.7711838246,2
947,14572,35.23,0.78,0,3957,2016-04-09 16:02:22,666.4137931034,13.6167170112,2
948,14573,35.23,0.76,0,3957,2016-04-09 16:02:22,641.3103448276,19.2212229118,2
949,14574,35.21,0.78,0,3903,2016-04-09 16:02:22,648.6451612903,12.9877073074,2
950,14575,35.21,0.75,0,3903,2016-04-09 16:02:23,653.9473684211,16.3061941224,2
951,14576,35.21,0.8,0,3903,2016-04-09 16:02:23,658.7631578947,14.6510897934,2
952,14577,35.23,0.75,0,3903,2016-04-09 16:02:23,656.1315789474,15.8332944549,2
953,14578,35.26,0.82,0,3903,2016-04-09 16:02:23,659.9743589744,20.0939934634,2
954,14579,35.23,0.77,0,3837,2016-04-09 16:02:24,656.3163841808,18.630556652,2
955,14580,35.27,0.76,0,3837,2016-04-09 16:02:25,671.0434782609,23.846389319,2
956,14581,35.27,0.77,0,3837,2016-04-09 16:02:25,652.1304347826,16.4774004594,2
957,14582,35.27,0.81,0,3837,2016-04-09 16:02:25,646.9130434783,20.9677040345,2
958,14583,35.23,0.76,0,3837,2016-04-09 16:02:25,657.347826087,19.9010786154,2
959,14584,35.23,0.75,0,3837,2016-04-09 16:02:25,661.8695652174,13.5335471999,2
960,14585,35.26,0.76,0,3822,2016-04-09 16:02:25,667.32,18.8927922764,2
961,14586,35.23,0.74,0,3822,2016-04-09 16:02:26,662.7093023256,20.4142370971,2
962,14587,35.27,0.74,0,3822,2016-04-09 16:02:26,662.6117647059,19.1692732795,2
963,14588,35.27,0.74,0,3867,2016-04-09 16:02:27,665.9607843137,15.9250213585,2
964,14589,35.27,0.73,0,3891,2016-04-09 16:02:27,656.3529411765,22.6766041043,2
965,14590,35.27,0.73,0,3891,2016-04-09 16:02:27,711.0961538462,44.3410122778,2
966,14591,35.27,0.73,0,3891,2016-04-09 16:02:28,663.3636363636,15.1013107635,2
967,14592,35.27,0.73,0,3891,2016-04-09 16:02:28,662.7727272727,17.3910421513,2
968,14593,35.27,0.73,0,3891,2016-04-09 16:02:28,658.1363636364,23.3983205585,2
969,14594,35.27,0.77,0,3891,2016-04-09 16:02:28,664.7727272727,21.9046110094,2
970,14595,35.27,0.72,0,3891,2016-04-09 16:02:28,655.7272727273,14.8696818398,2
971,14596,35.27,0.69,0,3843,2016-04-09 16:02:28,658.0434782609,21.760511225,2
972,14597,35.27,0.34,0,3843,2016-04-09 16:02:29,663.5217391304,53.9491463971,2
973,14598,35.27,0.02,0,3843,2016-04-09 16:02:29,649.0434782609,56.385689104,2
974,14599,35.27,0.02,0,3843,2016-04-09 16:02:29,659.8260869565,58.0147298941,2
975,14600,35.29,0.02,0,3552,2016-04-09 16:02:29,660.347826087,47.3043877877,2
976,14601,35.29,0.02,0,3552,2016-04-09 16:02:29,649,43.4697486491,2
977,14602,35.29,0.02,0,3552,2016-04-09 16:02:30,654.5,53.1708462307,2
978,14603,35.29,0.02,0,3552,2016-04-09 16:02:30,660.5555555556,54.7156510437,2
979,14604,35.29,0.02,0,3552,2016-04-09 16:02:30,650.1111111111,18.4808876918,2
980,14605,35.29,0.02,0,3552,2016-04-09 16:02:30,660.1111111111,10.4450354443,2
981,14606,35.29,0.02,0,3552,2016-04-09 16:02:30,655.9444444444,6.859480238,2
982,14607,35.29,0.02,0,3018,2016-04-09 16:02:30,647.625,23.7299257268,2
983,14608,35.29,0.02,0,3018,2016-04-09 16:02:31,652.3529411765,19.0013658223,2
984,14609,35.37,1.09,0,105,2016-04-09 16:02:49,635.6428571429,19.6054188677,2
985,14610,35.37,1,0,105,2016-04-09 16:02:49,664.7857142857,9.4655659511,2
986,14611,35.37,0.86,0,105,2016-04-09 16:02:49,662,13.0219594751,2
987,14612,35.43,0.84,0,105,2016-04-09 16:02:49,655.6428571429,13.3609620208,2
988,14613,35.43,0.8,0,105,2016-04-09 16:02:49,656.7857142857,10.6111704715,2
989,14614,35.41,0.82,0,597,2016-04-09 16:02:49,659.6428571429,16.490720953,2
990,14615,35.37,0.77,0,597,2016-04-09 16:02:49,655.7857142857,7.7291523415,2
991,14616,35.37,0.75,0,597,2016-04-09 16:02:49,643,8.0249610591,2
992,14617,35.37,0.73,0,597,2016-04-09 16:02:50,664.1333333333,8.5234317554,2
993,14618,35.37,0.74,0,597,2016-04-09 16:02:50,653.1333333333,11.2063474077,2
994,14619,35.37,0.75,0,597,2016-04-09 16:02:50,648.4666666667,11.2182391171,2
995,14620,35.37,0.75,0,597,2016-04-09 16:02:50,666.5333333333,3.7214095299,2
996,14621,35.37,0.75,0,597,2016-04-09 16:02:50,647.1333333333,9.6392715262,2
997,14622,35.37,0.76,0,1308,2016-04-09 16:02:50,677.5,13.0958008537,2
998,14623,35.37,0.73,0,1308,2016-04-09 16:02:51,708.3009708738,42.1837945582,2
999,14624,35.37,0.66,0,2763,2016-04-09 16:02:53,666.4375,64.0956012044,2
1000,14625,35.37,0.74,0,2763,2016-04-09 16:02:53,651.2291666667,30.9396183338,2
1001,14626,35.37,0.78,0,3390,2016-04-09 16:02:53,662.875,19.3483687943,2
1002,14627,35.45,0.8,0,3390,2016-04-09 16:02:54,650.6666666667,19.4547908981,2
1003,14628,35.45,0.88,0,3390,2016-04-09 16:02:54,663.4,8.1877957962,2
1004,14629,35.45,0.81,0,3390,2016-04-09 16:02:54,658.6666666667,19.7843934004,2
1005,14630,35.45,0.81,0,3390,2016-04-09 16:02:54,652.1333333333,13.1902320761,2
1006,14631,35.43,0.87,0,3390,2016-04-09 16:02:54,680,25.804392391,2
1007,14632,35.44,0.79,0,3717,2016-04-09 16:02:54,655.4615384615,15.4153539075,2
1008,14633,35.37,0.85,0,3717,2016-04-09 16:02:55,655.7142857143,22.8730301929,2
1009,14634,35.43,0.83,0,3717,2016-04-09 16:02:55,669.3142857143,19.2469239525,2
1010,14635,35.38,0.85,0,3717,2016-04-09 16:02:55,695.6176470588,29.5475834643,2
1011,14636,35.39,0.8,0,3840,2016-04-09 16:02:56,666.2,14.5003448235,2
1012,14637,35.37,0.82,0,3840,2016-04-09 16:02:56,717.55,46.1968343071,2
1013,14638,35.37,0.83,0,3840,2016-04-09 16:02:56,717.2,38.2826331383,2
1014,14639,35.44,0.91,0,3840,2016-04-09 16:02:56,661.85,22.5239317172,2
1015,14640,35.37,0.85,0,3840,2016-04-09 16:02:56,686.95,30.9184006702,2
1016,14641,35.37,0.82,0,3942,2016-04-09 16:02:56,663.95,12.0352606951,2
1017,14642,35.39,0.9,0,4050,2016-04-09 16:02:58,663,23.6323186862,2
1018,14643,35.45,0.87,0,4050,2016-04-09 16:02:58,684.9189189189,31.5837611186,2
1019,14644,35.43,0.85,0,4050,2016-04-09 16:02:58,679.1081081081,22.5781331474,2
1020,14645,35.43,0.89,0,4167,2016-04-09 16:02:58,731.1944444444,21.7176572356,2
1021,14646,35.45,0.87,0,4167,2016-04-09 16:02:59,732.9047619048,13.0124656787,2
1022,14647,35.45,0.81,0,4167,2016-04-09 16:02:59,664.2380952381,36.7085104469,2
1023,14648,35.45,0.82,0,4167,2016-04-09 16:02:59,738.2380952381,18.2545617571,2
1024,14649,35.45,0.84,0,4167,2016-04-09 16:02:59,732.2857142857,22.9225255343,2
1025,14650,35.43,0.85,0,4167,2016-04-09 16:02:59,690.8095238095,33.1182859109,2
1026,14651,35.45,0.84,0,4185,2016-04-09 16:02:59,665.9047619048,13.783719734,2
1027,14652,35.45,0.85,0,4185,2016-04-09 16:02:59,717.9090909091,38.5686036833,2
1028,14653,35.43,0.82,0,4185,2016-04-09 16:03:00,707.4496644295,38.2665389504,2
1029,14654,35.51,0.7,0,348,2016-04-09 16:04:30,649.65,7.0304694011,2
1030,14655,35.51,0.7,0,348,2016-04-09 16:04:30,672,9.4339811321,2
1031,14656,35.51,0.69,0,969,2016-04-09 16:04:30,675.2,17.8538511252,2
1032,14657,35.51,0.78,0,969,2016-04-09 16:04:31,652.2222222222,25.6899845979,2
1033,14658,35.47,0.81,0,969,2016-04-09 16:04:31,701.6543209877,34.3306940711,2
1034,14659,35.51,0.78,0,2580,2016-04-09 16:04:33,663.9285714286,30.6535113014,2
1035,14660,35.51,0.79,0,3324,2016-04-09 16:04:33,698.7605633803,39.05123568,2
1036,14661,35.53,0.85,0,3324,2016-04-09 16:04:34,683.3636363636,34.2617537291,2
1037,14662,35.53,0.8,0,3324,2016-04-09 16:04:34,719.6363636364,31.6953473135,2
1038,14663,35.53,0.79,0,3324,2016-04-09 16:04:34,731.4545454545,17.2645913853,2
1039,14664,35.53,0.82,0,3324,2016-04-09 16:04:34,706.0454545455,36.3949013321,2
1040,14665,35.53,0.82,0,3324,2016-04-09 16:04:34,717.2272727273,27.0973528029,2
1041,14666,35.51,0.8,0,3861,2016-04-09 16:04:34,689.8260869565,35.8664820809,2
1042,14667,35.52,0.79,0,4182,2016-04-09 16:04:36,665.3066666667,21.2881646826,2
1043,14668,35.53,0.81,0,4137,2016-04-09 16:04:38,670.3947368421,17.2680713483,2
1044,14669,35.53,0.79,0,4137,2016-04-09 16:04:38,718.7631578947,34.5729086292,2
1045,14670,35.53,0.84,0,4137,2016-04-09 16:04:38,689.3157894737,21.7632056259,2
1046,14671,35.51,0.89,0,4137,2016-04-09 16:04:38,668.4102564103,25.1505395249,2
1047,14672,35.51,0.81,0,4212,2016-04-09 16:04:39,661.5602409639,20.3601455705,2
