"id";"temperatureVal";"currentVal";"rpmVal";"receivedTime";"acc1Avg";"acc1Std";"acc2Avg";"acc2Std";"classification"
37720;26.67;0.59;2946;"2016-04-12 13:53:23";533.259259259;2.48838178255;621.62962963;0.823189287811;2
37721;26.61;0.61;2913;"2016-04-12 13:53:25";531.669950739;2.64564583221;619.778325123;9.04750043879;2
37722;26.67;0.66;2886;"2016-04-12 13:53:26";527.857142857;0.349927106112;614.714285714;16.2191622623;2
37723;26.67;0.61;2886;"2016-04-12 13:53:26";531.743589744;5.86479260008;619.564102564;2.03551633713;2
37724;26.65;0.63;2895;"2016-04-12 13:53:27";530.256410256;1.73527428879;620.166666667;1.07913387239;2
37725;26.65;0.62;2895;"2016-04-12 13:53:27";532.375;0.484122918276;621.375;0.85695682505;2
37726;26.65;0.63;2895;"2016-04-12 13:53:27";533.333333333;0.471404520791;623.0;0.0;2
37727;26.67;0.64;2895;"2016-04-12 13:53:27";530.5;1.58113883008;620.875;0.927024810887;2
37728;26.67;0.76;2895;"2016-04-12 13:53:27";529.8125;0.949917759598;621.8125;1.42384821874;2
37729;26.71;0.83;3138;"2016-04-12 13:53:30";531.888297872;9.305298838;620.914893617;1.5922657112;2
37730;26.71;0.77;3138;"2016-04-12 13:53:30";527.333333333;0.471404520791;619.666666667;1.6996731712;2
37731;26.71;0.75;3138;"2016-04-12 13:53:30";530.394736842;3.04820459394;620.631578947;3.43680583522;2
37732;26.71;0.78;3138;"2016-04-12 13:53:31";526.5;10.1196785886;622.105263158;1.97069949756;2
37733;26.67;0.81;3228;"2016-04-12 13:53:31";529.428571429;1.39970842445;617.428571429;2.68277448019;2
37734;26.71;0.78;3315;"2016-04-12 13:53:32";530.943661972;3.00650620284;621.690140845;3.38010562922;2
37735;26.71;0.76;3315;"2016-04-12 13:53:32";533.280701754;4.22089366926;619.666666667;1.63657036913;2
37736;26.71;0.79;3315;"2016-04-12 13:53:32";530.125;2.84769643747;621.5625;1.90291716845;2
37737;26.71;0.8;3372;"2016-04-12 13:53:33";532.458333333;1.84795307179;622.125;1.87777572321;2
37738;26.73;0.78;3435;"2016-04-12 13:53:36";531.053003534;4.57455126185;621.204946996;2.42054886324;2
37739;26.77;0.79;3435;"2016-04-12 13:53:36";533.904761905;3.54434172684;620.285714286;2.11891385346;2
37740;26.78;0.8;3444;"2016-04-12 13:53:37";530.966942149;2.62201072391;620.652892562;2.61815260022;2
37741;26.77;0.78;3444;"2016-04-12 13:53:38";530.757575758;3.29398260405;620.727272727;9.44929924377;2
37742;26.79;0.78;3498;"2016-04-12 13:53:39";530.514705882;9.0032553705;622.558823529;3.79776386583;2
37743;26.79;0.8;3498;"2016-04-12 13:53:39";533.9;8.54049178912;619.425;2.27911715364;2
37744;26.79;0.8;3498;"2016-04-12 13:53:39";531.9;3.04795013083;619.9;2.84429253067;2
37745;26.79;0.8;3504;"2016-04-12 13:53:40";530.25;2.30488611432;620.9375;1.47769880219;2
37746;26.83;0.84;3480;"2016-04-12 13:53:41";529.367647059;3.88210226463;620.198529412;7.27184321336;2
37747;26.85;0.85;3477;"2016-04-12 13:53:42";531.057553957;4.11659177352;620.431654676;3.1532793475;2
37748;26.85;0.79;3432;"2016-04-12 13:53:44";531.198863636;4.34587040968;620.386363636;3.0727239107;2
37749;26.85;0.8;3411;"2016-04-12 13:53:45";529.277777778;16.025346436;622.666666667;1.6996731712;2
37750;26.87;0.77;3411;"2016-04-12 13:53:45";530.205882353;2.21995511037;622.764705882;1.60987437452;2
37751;26.92;0.83;3387;"2016-04-12 13:53:46";531.275;4.00408645428;619.7;7.30365205451;2
37752;26.87;0.8;3387;"2016-04-12 13:53:46";531.263157895;2.14824543494;618.263157895;2.73076247812;2
37753;26.93;0.76;3381;"2016-04-12 13:53:47";529.909090909;1.75056071301;620.181818182;1.26621711611;2
37754;26.93;0.77;3381;"2016-04-12 13:53:47";531.181818182;1.74867127833;621.272727273;1.21287855128;2
37755;26.93;0.78;3381;"2016-04-12 13:53:47";536.666666667;0.471404520791;618.333333333;0.471404520791;2
37756;26.91;0.83;3381;"2016-04-12 13:53:48";535.911764706;2.03452042418;618.411764706;1.23948867681;2
37757;26.97;0.8;3372;"2016-04-12 13:53:49";532.394495413;4.1795007573;616.532110092;16.5144189472;2
37758;26.97;0.78;3372;"2016-04-12 13:53:49";536.25;0.829156197589;617.75;1.47901994577;2
37759;26.99;0.84;3420;"2016-04-12 13:53:50";530.323741007;3.58095648036;619.978417266;5.20717217876;2
37760;27.03;0.78;3414;"2016-04-12 13:53:52";532.054421769;3.69736496154;619.326530612;3.0218327216;2
37761;27.02;0.76;3438;"2016-04-12 13:53:53";532.476190476;3.620300535;619.210884354;2.98575140673;2
37762;27.03;0.8;3411;"2016-04-12 13:53:54";531.84;3.87484193226;619.08;1.86375964116;2
37763;27.05;0.8;3399;"2016-04-12 13:53:55";530.576923077;3.41572243652;618.532051282;8.78403262321;2
37764;27.05;0.8;3399;"2016-04-12 13:53:55";530.4;1.49666295471;619.2;0.748331477355;2
37765;27.05;0.81;3414;"2016-04-12 13:53:57";531.387283237;3.34271014542;619.242774566;5.41556495177;2
37766;27.05;0.9;3414;"2016-04-12 13:53:57";529.142857143;3.54274193361;621.357142857;0.971533607767;2
37767;27.09;0.84;3486;"2016-04-12 13:54:00";528.922077922;6.44812714935;621.077922078;1.67305796521;2
37768;27.09;0.84;3486;"2016-04-12 13:54:00";533.333333333;2.60874597375;618.625;0.80687153046;2
37769;27.09;0.8;3486;"2016-04-12 13:54:01";529.222222222;0.785674201318;618.555555556;1.06574033851;2
37770;27.14;0.88;3492;"2016-04-12 13:54:01";530.421052632;1.29027901812;620.368421053;1.22304737249;2
37771;27.15;0.78;3492;"2016-04-12 13:54:01";530.307692308;2.05256370217;620.730769231;1.16214960998;2
37772;27.15;0.8;3417;"2016-04-12 13:54:04";531.740740741;2.00171394324;619.604938272;4.16089678233;2
37773;27.17;0.79;3411;"2016-04-12 13:54:05";530.12;3.25355190523;621.92;1.49452333538;2
37774;27.21;0.78;3426;"2016-04-12 13:54:07";529.900763359;7.23842056264;619.541984733;3.41585781473;2
37775;27.21;0.86;3441;"2016-04-12 13:54:08";527.181818182;20.4990089124;620.727272727;1.52300992402;2
37776;27.21;0.79;3441;"2016-04-12 13:54:08";530.1;1.13578166916;619.6;1.01980390272;2
37777;27.23;0.85;3441;"2016-04-12 13:54:08";533.258064516;1.60579076963;618.64516129;2.04068911664;2
37778;27.21;0.79;3441;"2016-04-12 13:54:09";525.394736842;20.8093342842;619.0;2.13984751055;2
37779;27.21;0.79;3444;"2016-04-12 13:54:09";526.0;0.816496580928;621.333333333;0.471404520791;2
37780;27.22;0.82;3483;"2016-04-12 13:54:10";532.620689655;3.30531226657;620.344827586;1.44498805791;2
37781;27.23;0.79;3510;"2016-04-12 13:54:11";532.5;2.29128784748;621.5;1.27028987386;2
37782;27.61;0.6;2913;"2016-04-12 13:56:55";529.785714286;1.2637004295;618.857142857;1.05945692673;3
37783;27.61;0.6;2919;"2016-04-12 13:56:57";528.547770701;4.987175732;619.178343949;2.24460623052;3
37784;27.61;0.62;2919;"2016-04-12 13:56:57";528.0;0.925820099773;620.571428571;0.728431359085;3
37785;27.63;0.59;2919;"2016-04-12 13:56:57";528.25;0.433012701892;621.0;0.0;3
37786;27.63;0.59;2919;"2016-04-12 13:56:57";529.125;1.05326872165;621.8125;0.726184377414;3
37787;27.61;0.7;2904;"2016-04-12 13:56:58";532.304347826;3.13722090543;618.652173913;1.87335308894;3
37788;27.67;0.81;3021;"2016-04-12 13:57:00";531.441176471;2.01744125172;621.568627451;1.71218129378;3
37789;27.67;0.82;3021;"2016-04-12 13:57:00";532.5;0.5;623.5;0.5;3
37790;27.67;0.84;3021;"2016-04-12 13:57:00";531.733333333;1.94821855949;621.066666667;1.5260697523;3
37791;27.69;0.82;3021;"2016-04-12 13:57:00";531.055555556;2.12059274267;617.944444444;0.524110062892;3
37792;27.67;0.86;3159;"2016-04-12 13:57:01";531.2109375;3.6883523247;619.8125;3.88657545276;3
37793;27.67;0.81;3486;"2016-04-12 13:57:03";530.711409396;2.56537424043;618.979865772;6.01281606479;3
37794;27.69;0.83;3627;"2016-04-12 13:57:04";529.956521739;3.33985499385;620.165217391;3.418442144;3
37795;27.73;0.9;3657;"2016-04-12 13:57:05";530.96969697;2.4306732885;621.757575758;1.68828948814;3
37796;27.73;0.85;3657;"2016-04-12 13:57:05";528.921052632;2.70848159975;618.710526316;5.65177147235;3
37797;27.75;0.83;3669;"2016-04-12 13:57:06";531.806451613;4.20958472275;620.612903226;2.38175077046;3
37798;27.73;0.86;3642;"2016-04-12 13:57:07";528.951219512;2.44401927572;619.670731707;2.3584558717;3
37799;27.75;0.83;3615;"2016-04-12 13:57:08";531.32173913;3.19115033392;620.860869565;2.11366961559;3
37800;27.79;0.85;3576;"2016-04-12 13:57:09";533.166666667;2.52762514802;617.416666667;1.84654331718;3
37801;27.79;0.82;3576;"2016-04-12 13:57:09";534.181818182;2.75740925238;618.090909091;2.15130173931;3
37802;27.79;0.8;3561;"2016-04-12 13:57:12";530.331360947;3.71900905153;620.014792899;5.18501654334;3
37803;27.81;0.83;3585;"2016-04-12 13:57:13";531.555555556;1.42291649721;617.611111111;1.88970570574;3
37804;27.8;0.8;3585;"2016-04-12 13:57:13";531.888888889;0.874889763779;621.555555556;1.94999208609;3
37805;27.81;0.88;3585;"2016-04-12 13:57:13";530.5;3.73688181701;621.178571429;1.46515653548;3
37806;27.84;0.88;3528;"2016-04-12 13:57:17";531.349862259;3.90823369499;619.933884298;2.36271148755;3
37807;27.85;0.81;3528;"2016-04-12 13:57:17";536.5;0.5;619.5;1.25830573921;3
37808;27.85;0.82;3462;"2016-04-12 13:57:18";530.111111111;3.60383883116;617.333333333;2.44948974278;3
37809;27.87;0.82;3462;"2016-04-12 13:57:18";530.285714286;1.30540477732;620.071428571;1.33439583516;3
37810;27.87;0.81;3456;"2016-04-12 13:57:19";529.5;3.2403703492;620.6;4.55411901469;3
37811;27.91;0.8;3456;"2016-04-12 13:57:19";531.833333333;1.34370962472;616.583333333;5.72215480003;3
37812;27.93;0.83;3474;"2016-04-12 13:57:23";530.52195122;3.13450600575;619.614634146;2.76083771094;3
37813;27.95;0.8;3474;"2016-04-12 13:57:23";526.125;2.65066815476;619.5;2.91547594742;3
37814;27.95;0.83;3474;"2016-04-12 13:57:23";530.96969697;2.00733274687;618.575757576;1.92322807911;3
37815;27.95;0.82;3522;"2016-04-12 13:57:24";532.128205128;1.66686389366;619.564102564;2.32924409214;3
37816;28.05;0.82;3588;"2016-04-12 13:57:26";529.993710692;3.40642540349;619.880503145;2.35888466309;3
37817;28.07;0.81;3588;"2016-04-12 13:57:26";527.80952381;0.906014170973;621.380952381;1.96338363125;3
37818;28.13;0.78;3537;"2016-04-12 13:57:28";530.793296089;6.91421980447;619.022346369;5.35442729909;3
37819;28.17;0.82;3519;"2016-04-12 13:57:30";529.877777778;3.26540035925;619.455555556;4.70498815942;3
37820;28.17;0.8;3519;"2016-04-12 13:57:30";536.666666667;0.471404520791;616.333333333;0.471404520791;3
37821;28.13;0.81;3519;"2016-04-12 13:57:30";536.0;1.73205080757;617.5;0.5;3
37822;28.14;0.82;3510;"2016-04-12 13:57:31";529.489361702;3.66044027363;619.308510638;2.92831589007;3
37823;28.17;0.8;3564;"2016-04-12 13:57:35";531.442408377;3.15491513161;618.879581152;2.70855766808;3
37824;28.19;0.8;3531;"2016-04-12 13:57:36";532.842105263;2.19480625916;617.763157895;2.67477702491;3
37825;28.19;0.82;3531;"2016-04-12 13:57:36";528.24;1.53049011758;620.16;1.08369737473;3
37826;28.19;0.83;3507;"2016-04-12 13:57:37";533.2;3.33066559915;619.233333333;1.54236470683;3
37827;28.19;0.85;3507;"2016-04-12 13:57:37";530.666666667;1.63299316186;617.555555556;0.831479419283;3
37828;28.19;0.81;3507;"2016-04-12 13:57:37";530.777777778;0.916245694582;616.333333333;0.816496580928;3
37829;28.27;0.74;3420;"2016-04-12 13:57:41";530.581267218;3.33375449836;619.696969697;1.89145291325;3
37830;28.25;0.63;3420;"2016-04-12 13:57:41";534.0;1.80277563773;619.625;0.484122918276;3
37831;28.27;0.61;3420;"2016-04-12 13:57:41";529.142857143;2.29462548632;621.285714286;0.451753951453;3
37832;28.25;0.67;3420;"2016-04-12 13:57:41";527.333333333;0.942809041582;620.333333333;0.471404520791;3
37833;29.15;0.6;2913;"2016-04-12 14:00:43";529.718181818;3.29774528533;618.663636364;1.94598548405;3
37834;29.15;0.59;2946;"2016-04-12 14:00:44";530.388888889;1.4196591488;619.388888889;1.39995590759;3
37835;29.17;0.6;2946;"2016-04-12 14:00:44";526.886363636;2.66471821034;618.681818182;3.8950593838;3
37836;29.23;0.66;2946;"2016-04-12 14:00:44";532.142857143;1.6413036133;618.571428571;0.728431359085;3
37837;29.17;0.65;2949;"2016-04-12 14:00:45";530.64516129;1.89308396789;620.580645161;1.64167879355;3
37838;29.18;0.72;2949;"2016-04-12 14:00:45";525.333333333;0.942809041582;620.833333333;1.06718737291;3
37839;29.19;0.7;2949;"2016-04-12 14:00:45";529.666666667;1.59861050777;620.166666667;1.34370962472;3
37840;29.17;0.71;2949;"2016-04-12 14:00:45";533.714285714;2.49079939631;619.285714286;8.84330716602;3
37841;29.19;0.79;2949;"2016-04-12 14:00:45";534.076923077;2.89459811111;620.384615385;12.6948715359;3
37842;29.19;0.8;2949;"2016-04-12 14:00:45";533.0;1.0;635.0;5.0;3
37843;29.15;0.87;2985;"2016-04-12 14:00:46";529.366666667;5.30083850809;614.133333333;14.954895148;3
37844;29.15;0.93;3171;"2016-04-12 14:00:47";528.588785047;9.83314371635;624.186915888;8.29494930341;3
37845;29.25;0.82;3597;"2016-04-12 14:00:49";532.517241379;6.77938401054;616.779310345;12.3464186992;3
37846;29.29;0.86;3597;"2016-04-12 14:00:49";529.125;1.83285978733;619.375;5.54385921538;3
37847;29.25;0.85;3801;"2016-04-12 14:00:50";530.661538462;3.60459929738;621.0;11.2516665432;3
37848;29.23;0.82;3801;"2016-04-12 14:00:50";530.285714286;3.76883027379;595.428571429;12.9599067772;3
37849;29.28;0.9;3924;"2016-04-12 14:00:51";532.700854701;5.70389723908;619.914529915;6.9988676124;3
37850;29.29;0.87;3951;"2016-04-12 14:00:52";540.631578947;8.40244655045;621.289473684;3.16982395939;3
37851;29.25;0.89;3951;"2016-04-12 14:00:52";526.357142857;6.34268017771;621.857142857;2.13331207472;3
37852;29.31;0.84;3894;"2016-04-12 14:00:53";531.862068966;4.59553109708;621.775862069;8.53904440961;3
37853;29.31;0.9;3888;"2016-04-12 14:00:54";528.423076923;7.82585987865;620.961538462;2.15693459889;3
37854;29.31;0.86;3888;"2016-04-12 14:00:54";532.0;1.15470053838;623.0;1.94365063162;3
37855;29.36;0.9;3888;"2016-04-12 14:00:54";531.0;2.44948974278;622.666666667;2.26077666104;3
37856;29.37;0.91;3879;"2016-04-12 14:00:55";530.621212121;3.49356617103;618.71969697;9.55233938818;3
37857;29.31;0.86;3879;"2016-04-12 14:00:55";536.5;1.41421356237;622.375;2.68967934892;3
37858;29.37;0.87;3897;"2016-04-12 14:00:56";527.787878788;2.78260370503;621.090909091;2.88531954392;3
37859;29.37;0.84;3897;"2016-04-12 14:00:56";531.6;1.62480768093;620.6;2.69072480941;3
37860;29.36;0.86;3897;"2016-04-12 14:00:56";534.0;1.41421356237;623.0;3.0;3
37861;29.31;0.83;3897;"2016-04-12 14:00:56";528.3125;2.14239206263;620.6875;2.08322916406;3
37862;29.41;0.88;3960;"2016-04-12 14:00:59";530.706976744;3.58714729885;618.972093023;10.7733159928;3
37863;29.43;0.83;3960;"2016-04-12 14:00:59";533.944444444;2.013074548;616.722222222;1.4834477692;3
37864;29.43;0.84;3954;"2016-04-12 14:01:00";531.908163265;2.86102141991;620.87755102;1.85310168076;3
37865;29.45;0.85;3954;"2016-04-12 14:01:00";531.181818182;2.44273251683;618.590909091;1.3704375847;3
37866;29.43;0.9;3954;"2016-04-12 14:01:00";527.777777778;10.5385828457;621.444444444;2.00616334281;3
37867;29.43;0.9;3954;"2016-04-12 14:01:00";530.117647059;3.87878624043;621.058823529;1.21125060482;3
37868;29.43;0.89;3969;"2016-04-12 14:01:01";532.269230769;3.04526987951;619.153846154;8.26341477046;3
37869;29.51;0.91;3993;"2016-04-12 14:01:05";530.128947368;4.03102493789;620.289473684;4.44739956389;3
37870;29.51;0.9;3993;"2016-04-12 14:01:05";526.846153846;1.74735641409;619.538461538;1.36524918072;3
37871;29.51;0.87;3993;"2016-04-12 14:01:05";530.75;1.94186336629;620.125;5.4337870465;3
37872;29.51;0.89;4020;"2016-04-12 14:01:07";528.757763975;3.09833936189;620.341614907;3.49285977986;3
37873;29.55;0.88;4080;"2016-04-12 14:01:08";529.915384615;3.54321586955;620.223076923;11.7160411958;3
37874;29.57;0.88;4080;"2016-04-12 14:01:08";530.8;1.24899959968;618.65;1.42390308659;3
37875;29.55;0.92;4035;"2016-04-12 14:01:09";532.3;1.26885775404;619.1;1.13578166916;3
37876;29.55;0.91;4035;"2016-04-12 14:01:09";528.666666667;0.942809041582;618.333333333;0.471404520791;3
37877;29.57;0.96;4035;"2016-04-12 14:01:09";533.466666667;2.41844761963;617.666666667;0.86922698736;3
37878;29.57;0.91;4035;"2016-04-12 14:01:09";532.428571429;1.67819144635;615.0;0.755928946018;3
37879;29.57;0.86;4035;"2016-04-12 14:01:09";528.941176471;1.16167162695;619.470588235;4.08897581105;3
37880;29.57;0.92;3987;"2016-04-12 14:01:10";530.454545455;2.25080334603;621.636363636;2.20630201809;3
37881;29.55;0.85;3987;"2016-04-12 14:01:10";534.6875;1.48823511247;622.625;2.23257138744;3
37882;29.57;0.89;3987;"2016-04-12 14:01:10";529.0;0.925820099773;619.714285714;1.82946406784;3
37883;29.57;0.86;3987;"2016-04-12 14:01:10";525.875;3.45582238162;620.291666667;1.64517391853;3
37884;29.57;0.85;3987;"2016-04-12 14:01:10";531.1;1.3;622.6;0.8;3
37885;29.57;0.84;3981;"2016-04-12 14:01:11";531.0;1.06904496765;619.428571429;5.9005361223;3
37886;29.59;0.86;3981;"2016-04-12 14:01:11";528.347826087;1.63144895994;620.608695652;1.71284483509;3
37887;29.59;0.87;3981;"2016-04-12 14:01:11";532.571428571;1.29362644831;621.714285714;1.03015750728;3
37888;29.63;0.89;3981;"2016-04-12 14:01:11";536.923076923;1.38461538462;616.923076923;2.52560848606;3
37889;29.63;0.87;3831;"2016-04-12 14:01:13";531.633587786;3.6176119382;619.213740458;2.172020671;3
37890;29.63;0.88;3831;"2016-04-12 14:01:13";528.866666667;2.45944889943;616.933333333;13.2361457969;3
37891;29.63;0.89;3837;"2016-04-12 14:01:14";530.625;3.7728470682;617.8;12.6988188427;3
37892;29.63;0.85;3837;"2016-04-12 14:01:14";530.733333333;1.61107279648;618.6;0.879393730552;3
37893;29.63;0.86;3837;"2016-04-12 14:01:14";531.444444444;3.07117221357;616.111111111;1.16534316463;3
37894;29.65;0.94;3789;"2016-04-12 14:01:15";528.923076923;2.01767339209;620.769230769;0.799408065032;3
37895;29.65;0.88;3801;"2016-04-12 14:01:16";529.556701031;3.07959386854;619.216494845;10.7868063781;3
37896;29.71;0.89;3882;"2016-04-12 14:01:17";529.533333333;1.96185852927;620.8;1.45830952362;3
37897;29.75;0.9;3891;"2016-04-12 14:01:19";531.137681159;3.26641235845;616.898550725;11.2438645782;3
37898;29.8;0.88;3960;"2016-04-12 14:01:21";529.580110497;5.02704750501;619.790055249;1.79628545432;3
37899;29.79;0.87;3981;"2016-04-12 14:01:22";532.5;2.47767812455;613.944444444;7.54594977618;3
37900;29.83;0.87;3966;"2016-04-12 14:01:23";530.763779528;4.45883479874;618.511811024;2.45868584619;3
37901;29.85;0.87;4008;"2016-04-12 14:01:24";529.674698795;3.21558116966;618.759036145;1.90491034128;3
37902;29.85;0.89;4008;"2016-04-12 14:01:24";529.75;2.60208249933;617.083333333;1.46959934071;3
37903;29.85;0.9;3897;"2016-04-12 14:01:25";528.846153846;1.40582052942;619.615384615;0.486504255411;3
37904;29.83;0.89;3897;"2016-04-12 14:01:25";528.6;1.49666295471;619.0;0.632455532034;3
37905;29.85;0.89;3897;"2016-04-12 14:01:25";527.083333333;2.56444709224;621.833333333;1.28019095798;3
37906;29.89;0.87;3900;"2016-04-12 14:01:26";533.575;4.30244600973;617.966666667;12.2201563911;3
37907;29.91;0.89;3777;"2016-04-12 14:01:28";530.950819672;8.84090016467;619.06557377;2.67881092081;3
37908;29.91;0.91;3777;"2016-04-12 14:01:28";530.933333333;3.25508149753;617.533333333;1.30979218029;3
37909;29.93;0.87;3753;"2016-04-12 14:01:29";527.428571429;1.87899234828;620.357142857;1.79710651792;3
37910;29.96;0.9;3861;"2016-04-12 14:01:31";529.903846154;3.63217256126;619.182692308;2.3174273828;3
37911;29.98;0.92;3873;"2016-04-12 14:01:32";530.493975904;4.93298095067;619.355421687;1.88531119876;3
37912;29.99;0.87;3969;"2016-04-12 14:01:35";531.375;4.01639562587;618.632352941;2.87946283678;3
37913;29.99;0.93;3969;"2016-04-12 14:01:35";532.6;1.95959179423;617.9;1.7;3
37914;30.01;0.89;3993;"2016-04-12 14:01:36";530.584158416;2.40571648714;618.811881188;7.66981078327;3
37915;30.14;0.88;3948;"2016-04-12 14:01:39";529.308;6.62941445378;619.516;2.09612595041;3
37916;30.59;0.64;3021;"2016-04-12 14:03:35";536.0;1.0;616.5;0.5;2
37917;30.59;0.59;3021;"2016-04-12 14:03:35";534.285714286;1.03015750728;616.571428571;0.494871659305;2
37918;30.57;0.6;3021;"2016-04-12 14:03:35";531.3;1.67630546142;618.7;0.9;2
37919;30.57;0.6;2988;"2016-04-12 14:03:36";534.0;0.755928946018;619.428571429;0.728431359085;2
37920;30.57;0.59;2988;"2016-04-12 14:03:36";530.736842105;1.51630108325;619.684210526;3.49514899282;2
37921;30.57;0.59;2988;"2016-04-12 14:03:36";529.857142857;0.638876565;619.428571429;0.728431359085;2
37922;30.59;0.58;2973;"2016-04-12 14:03:37";530.0;2.16585066219;619.363636364;2.51080310487;2
37923;30.57;0.59;2973;"2016-04-12 14:03:37";529.0;2.09165006634;619.125;1.93245310422;2
37924;30.59;0.6;3012;"2016-04-12 14:03:38";531.182926829;3.34637790636;618.0;1.93176274865;2
37925;30.59;0.63;3009;"2016-04-12 14:03:39";529.027777778;2.21718178365;618.166666667;2.46644143116;2
37926;30.59;0.74;3108;"2016-04-12 14:03:40";530.425531915;7.97178894874;620.815602837;5.41943290441;2
37927;30.65;0.8;3108;"2016-04-12 14:03:40";528.615384615;1.68880756924;619.538461538;1.15127919593;2
37928;30.65;0.78;3108;"2016-04-12 14:03:40";531.842105263;1.42397360615;620.315789474;2.38531983024;2
37929;30.65;0.81;3255;"2016-04-12 14:03:41";528.421052632;1.63242762308;622.052631579;2.48095236829;2
37930;30.67;0.8;3255;"2016-04-12 14:03:41";530.636363636;1.6663911618;621.727272727;1.28564869307;2
37931;30.67;0.81;3255;"2016-04-12 14:03:41";533.692307692;3.7852876201;618.807692308;2.06656963569;2
37932;30.67;0.82;3399;"2016-04-12 14:03:42";533.0;1.94365063162;621.888888889;1.52347880009;2
37933;30.65;0.84;3399;"2016-04-12 14:03:42";530.090909091;2.06505758029;620.272727273;2.33903278732;2
37934;30.67;0.87;3399;"2016-04-12 14:03:42";527.975609756;2.11253869791;620.634146341;1.42719403301;2
37935;30.64;0.8;3399;"2016-04-12 14:03:42";531.0;2.65329983228;620.96;1.90745904281;2
37936;30.65;0.86;3540;"2016-04-12 14:03:43";534.0;2.26077666104;622.555555556;0.831479419283;2
37937;30.67;0.82;3540;"2016-04-12 14:03:43";532.0;1.22474487139;619.25;2.33184476327;2
37938;30.67;0.8;3540;"2016-04-12 14:03:43";529.571428571;2.12852348939;616.714285714;2.24971653543;2
37939;30.67;0.8;3540;"2016-04-12 14:03:43";532.642857143;2.40853075716;616.928571429;1.48633228905;2
37940;30.67;0.8;3540;"2016-04-12 14:03:43";530.625;2.11763429326;619.75;1.39194109071;2
37941;30.65;0.81;3540;"2016-04-12 14:03:43";528.958333333;19.5202441213;621.291666667;2.37134221252;2
37942;30.71;0.81;3633;"2016-04-12 14:03:45";531.301369863;4.01771737657;621.034246575;2.44224908573;2
37943;30.71;0.82;3618;"2016-04-12 14:03:46";529.888888889;5.90201729641;620.735042735;3.58389837499;2
37944;30.73;0.82;3618;"2016-04-12 14:03:47";531.405405405;4.00310325204;620.423423423;2.87439629243;2
37945;30.77;0.85;3720;"2016-04-12 14:03:49";532.017241379;4.2790241367;621.344827586;4.73450912919;2
37946;30.79;0.82;3765;"2016-04-12 14:03:50";530.31092437;2.97255767741;620.957983193;2.61667233022;2
37947;30.77;0.83;3765;"2016-04-12 14:03:50";531.782608696;3.22970616161;619.0;2.44948974278;2
37948;30.79;0.8;3765;"2016-04-12 14:03:50";527.222222222;3.88094426591;619.111111111;3.66498277833;2
37949;30.79;0.82;3783;"2016-04-12 14:03:51";528.3125;2.51790463481;623.0625;4.32245228429;2
37950;30.77;0.82;3783;"2016-04-12 14:03:51";526.333333333;1.24721912892;617.333333333;4.18993502999;2
37951;30.79;0.81;3783;"2016-04-12 14:03:51";531.625;2.05775970414;620.875;3.88707795137;2
37952;30.85;0.88;3777;"2016-04-12 14:03:52";530.894366197;2.73400018154;620.985915493;2.96929335619;2
37953;30.85;0.82;3720;"2016-04-12 14:03:53";531.538461538;4.28979799803;620.923076923;2.69505354482;2
37954;30.85;0.82;3735;"2016-04-12 14:03:54";532.928571429;4.07142857143;621.051020408;4.84109206979;2
37955;30.87;0.82;3735;"2016-04-12 14:03:54";532.875;1.8998355192;621.125;4.78114787473;2
37956;30.87;0.84;3771;"2016-04-12 14:03:55";529.911504425;15.8379836487;620.805309735;1.94553451526;2
37957;30.91;0.86;3813;"2016-04-12 14:03:56";530.540816327;5.64813201439;620.62244898;4.54572080929;2
37958;30.91;0.83;3831;"2016-04-12 14:03:57";531.304347826;2.96991849703;620.391304348;1.5808399098;2
37959;30.91;0.84;3831;"2016-04-12 14:03:57";527.0;3.46410161514;619.375;0.992156741649;2
37960;30.91;0.83;3831;"2016-04-12 14:03:57";529.5;7.0320693967;619.35;1.42390308659;2
37961;30.91;0.84;3831;"2016-04-12 14:03:57";531.333333333;2.19215773966;621.125;2.08791163606;2
37962;30.92;0.87;3903;"2016-04-12 14:03:58";529.559322034;2.79388670676;618.5;1.66596030229;2
37963;30.92;0.83;3939;"2016-04-12 14:04:00";531.24742268;5.09098845614;620.505154639;2.23433244414;2
37964;30.97;0.88;3939;"2016-04-12 14:04:00";529.0;0.925820099773;621.714285714;0.699854212224;2
37965;30.93;0.91;3972;"2016-04-12 14:04:01";531.411764706;5.65746590049;618.588235294;2.8913425241;2
37966;30.97;0.85;3972;"2016-04-12 14:04:01";529.084745763;2.68888569696;619.016949153;1.72215400622;2
37967;30.93;0.83;4038;"2016-04-12 14:04:01";531.428571429;1.76126114371;620.428571429;0.728431359085;2
37968;30.93;0.88;4038;"2016-04-12 14:04:02";528.428571429;1.04978131834;620.571428571;0.494871659305;2
37969;30.97;0.86;4038;"2016-04-12 14:04:02";529.9;2.86181760425;621.2;0.748331477355;2
37970;30.93;0.86;4038;"2016-04-12 14:04:02";529.5;1.1801936887;620.071428571;1.0326308782;2
37971;30.99;0.85;4041;"2016-04-12 14:04:03";527.393939394;1.75705321386;619.757575758;1.39328047668;2
37972;30.99;0.88;4026;"2016-04-12 14:04:04";530.434782609;4.48404017122;619.147826087;4.95061432861;2
37973;31.07;0.9;4035;"2016-04-12 14:04:05";529.590909091;3.15497333575;620.386363636;1.60797127628;2
37974;31.07;0.83;3987;"2016-04-12 14:04:05";524.0;0.755928946018;619.285714286;0.699854212224;2
37975;31.05;0.82;3987;"2016-04-12 14:04:06";523.857142857;4.94046184737;621.142857143;0.832993127835;2
37976;31.02;0.87;3987;"2016-04-12 14:04:06";530.19047619;1.36692381851;618.285714286;1.20090668694;2
37977;31.03;0.87;3933;"2016-04-12 14:04:07";530.293577982;3.77170234433;619.52293578;1.20088904586;2
37978;31.05;0.87;3933;"2016-04-12 14:04:07";533.571428571;9.86852345095;617.0;2.44948974278;2
37979;31.05;0.86;3933;"2016-04-12 14:04:07";534.666666667;0.471404520791;617.333333333;0.471404520791;2
37980;31.05;0.85;3933;"2016-04-12 14:04:07";531.666666667;1.6996731712;617.0;0.0;2
37981;31.12;0.92;3963;"2016-04-12 14:04:09";531.929824561;3.78528846208;618.561403509;2.01326777975;2
37982;31.13;0.89;4113;"2016-04-12 14:04:11";529.525423729;3.00295108451;619.350282486;2.05335949871;2
37983;31.13;0.91;4113;"2016-04-12 14:04:11";532.903225806;3.70139327481;619.193548387;1.85645091225;2
37984;31.11;0.87;4164;"2016-04-12 14:04:11";534.25;2.04633819297;615.5;0.866025403784;2
37985;31.14;0.89;4164;"2016-04-12 14:04:12";531.666666667;0.471404520791;615.333333333;0.471404520791;2
37986;31.13;0.9;4164;"2016-04-12 14:04:12";532.111111111;0.874889763779;618.333333333;3.26598632371;2
37987;31.12;0.86;4164;"2016-04-12 14:04:12";534.125;1.99608992783;620.625;1.36358901433;2
37988;31.19;0.88;4107;"2016-04-12 14:04:14";530.439130435;5.49966316205;619.086956522;2.00679375423;2
37989;31.21;0.82;4038;"2016-04-12 14:04:16";530.921052632;3.93175273812;619.0;2.69176782711;2
37990;31.21;0.86;3978;"2016-04-12 14:04:17";529.137254902;2.49721105489;619.754901961;1.19177141602;2
