"id";"temperatureVal";"currentVal";"vibrationVal";"rpmVal";"receivedTime"
13625;31.55;0.02;0.0;0;"2016-04-09 15:44:56"
13626;31.57;0.02;0.0;0;"2016-04-09 15:44:56"
13627;31.61;0.02;0.0;0;"2016-04-09 15:44:56"
13628;31.55;0.02;0.0;0;"2016-04-09 15:44:56"
13629;31.57;0.5;0.0;0;"2016-04-09 15:44:57"
13630;31.57;0.55;0.0;0;"2016-04-09 15:44:57"
13631;31.61;0.64;0.0;0;"2016-04-09 15:44:57"
13632;31.61;0.71;0.0;0;"2016-04-09 15:44:57"
13633;31.55;0.88;0.0;39;"2016-04-09 15:44:57"
13634;31.55;0.91;0.0;39;"2016-04-09 15:44:58"
13635;31.57;0.92;0.0;39;"2016-04-09 15:44:58"
13636;31.55;1.13;0.0;39;"2016-04-09 15:44:58"
13637;31.55;1.24;0.0;216;"2016-04-09 15:44:58"
13638;31.57;1.22;0.0;216;"2016-04-09 15:44:58"
13639;31.61;0.91;0.0;216;"2016-04-09 15:44:59"
13640;31.57;0.79;0.0;216;"2016-04-09 15:44:59"
13641;31.55;0.75;0.0;726;"2016-04-09 15:45:00"
13642;31.61;0.65;0.0;1353;"2016-04-09 15:45:00"
13643;31.57;0.71;0.0;1353;"2016-04-09 15:45:01"
13644;31.55;0.65;0.0;1353;"2016-04-09 15:45:01"
13645;31.61;0.63;0.0;1962;"2016-04-09 15:45:01"
13646;31.55;0.63;0.0;1962;"2016-04-09 15:45:02"
13647;31.57;0.64;0.0;1962;"2016-04-09 15:45:02"
13648;31.55;0.64;0.0;1962;"2016-04-09 15:45:02"
13649;31.55;0.68;0.0;2991;"2016-04-09 15:45:03"
13650;31.55;0.68;0.0;2991;"2016-04-09 15:45:04"
13651;31.57;0.75;0.0;2991;"2016-04-09 15:45:04"
13652;31.61;0.74;0.0;2991;"2016-04-09 15:45:04"
13653;31.61;0.73;0.0;3144;"2016-04-09 15:45:04"
13654;31.57;0.78;0.0;3144;"2016-04-09 15:45:04"
13655;31.57;0.77;0.0;3144;"2016-04-09 15:45:05"
13656;31.57;0.78;0.0;3144;"2016-04-09 15:45:05"
13657;31.63;0.74;0.0;3144;"2016-04-09 15:45:05"
13658;31.61;0.77;0.0;3144;"2016-04-09 15:45:05"
13659;31.61;0.77;0.0;3144;"2016-04-09 15:45:05"
13660;31.61;0.76;0.0;3144;"2016-04-09 15:45:05"
13661;31.61;0.76;0.0;3189;"2016-04-09 15:45:05"
13662;31.63;0.76;0.0;3189;"2016-04-09 15:45:05"
13663;31.61;0.77;0.0;3189;"2016-04-09 15:45:06"
13664;31.57;0.79;0.0;3189;"2016-04-09 15:45:06"
13665;31.58;0.76;0.0;3189;"2016-04-09 15:45:06"
13666;31.63;0.75;0.0;3189;"2016-04-09 15:45:06"
13667;31.63;0.75;0.0;3246;"2016-04-09 15:45:06"
13668;31.63;0.76;0.0;3246;"2016-04-09 15:45:06"
13669;31.63;0.77;0.0;3246;"2016-04-09 15:45:06"
13670;31.63;0.78;0.0;3246;"2016-04-09 15:45:07"
13671;31.61;0.78;0.0;3246;"2016-04-09 15:45:07"
13672;31.63;0.8;0.0;3246;"2016-04-09 15:45:07"
13673;31.63;0.83;0.0;3246;"2016-04-09 15:45:07"
13674;31.61;0.79;0.0;3351;"2016-04-09 15:45:08"
13675;31.67;0.76;0.0;3402;"2016-04-09 15:45:09"
13676;31.67;0.78;0.0;3402;"2016-04-09 15:45:09"
13677;31.63;0.75;0.0;3402;"2016-04-09 15:45:09"
13678;31.67;0.74;0.0;3429;"2016-04-09 15:45:09"
13679;31.61;0.74;0.0;3429;"2016-04-09 15:45:09"
13680;31.63;0.8;0.0;3429;"2016-04-09 15:45:10"
13681;31.63;0.74;0.0;3429;"2016-04-09 15:45:10"
13682;31.64;0.76;0.0;3447;"2016-04-09 15:45:10"
13683;31.67;0.85;0.0;3447;"2016-04-09 15:45:11"
13684;31.67;0.84;0.0;3447;"2016-04-09 15:45:11"
13685;31.63;0.8;0.0;3447;"2016-04-09 15:45:11"
13686;31.67;0.82;0.0;3447;"2016-04-09 15:45:11"
13687;31.67;0.8;0.0;3474;"2016-04-09 15:45:11"
13688;31.63;0.85;0.0;3474;"2016-04-09 15:45:12"
13689;31.64;0.81;0.0;3474;"2016-04-09 15:45:12"
13690;31.67;0.81;0.0;3474;"2016-04-09 15:45:12"
13691;31.67;0.83;0.0;3462;"2016-04-09 15:45:12"
13692;31.69;0.81;0.0;3462;"2016-04-09 15:45:13"
13693;31.69;0.81;0.0;3462;"2016-04-09 15:45:13"
13694;31.69;0.8;0.0;3462;"2016-04-09 15:45:13"
13695;31.69;0.82;0.0;3549;"2016-04-09 15:45:14"
13696;31.69;0.83;0.0;3549;"2016-04-09 15:45:14"
13697;31.69;0.8;0.0;3549;"2016-04-09 15:45:15"
13698;31.69;0.86;0.0;3549;"2016-04-09 15:45:15"
13699;31.69;0.86;0.0;3549;"2016-04-09 15:45:15"
13700;31.69;0.81;0.0;3588;"2016-04-09 15:45:15"
13701;31.71;0.86;0.0;3588;"2016-04-09 15:45:15"
13702;31.69;0.86;0.0;3588;"2016-04-09 15:45:15"
13703;31.68;0.83;0.0;3588;"2016-04-09 15:45:16"
13704;31.71;0.81;0.0;3588;"2016-04-09 15:45:16"
13705;31.69;0.8;0.0;3588;"2016-04-09 15:45:16"
13706;31.71;0.8;0.0;3609;"2016-04-09 15:45:16"
13707;31.69;0.86;0.0;3609;"2016-04-09 15:45:17"
13708;31.71;0.89;0.0;3609;"2016-04-09 15:45:17"
13709;31.71;0.87;0.0;3678;"2016-04-09 15:45:18"
13710;31.71;0.88;0.0;3678;"2016-04-09 15:45:18"
13711;31.72;0.81;0.0;3735;"2016-04-09 15:45:20"
13712;31.75;0.82;0.0;3735;"2016-04-09 15:45:20"
13713;31.75;0.81;0.0;3735;"2016-04-09 15:45:20"
13714;31.75;0.86;0.0;3735;"2016-04-09 15:45:20"
13715;31.81;0.85;0.0;3831;"2016-04-09 15:45:21"
13716;31.77;0.81;0.0;3831;"2016-04-09 15:45:22"
13717;31.77;0.85;0.0;3831;"2016-04-09 15:45:22"
13718;31.77;0.8;0.0;3831;"2016-04-09 15:45:22"
13719;31.79;0.81;0.0;3858;"2016-04-09 15:45:23"
13720;31.77;0.82;0.0;3858;"2016-04-09 15:45:23"
13721;31.79;0.86;0.0;3858;"2016-04-09 15:45:24"
13722;31.81;0.9;0.0;3858;"2016-04-09 15:45:24"
13723;31.75;0.83;0.0;3858;"2016-04-09 15:45:24"
13724;31.81;0.81;0.0;3840;"2016-04-09 15:45:25"
13725;31.83;0.79;0.0;3888;"2016-04-09 15:45:25"
13726;31.83;0.8;0.0;3888;"2016-04-09 15:45:25"
13727;31.83;0.81;0.0;3888;"2016-04-09 15:45:26"
13728;31.83;0.8;0.0;3888;"2016-04-09 15:45:26"
13729;31.83;0.82;0.0;3888;"2016-04-09 15:45:26"
13730;31.83;0.8;0.0;3888;"2016-04-09 15:45:26"
13731;31.85;0.8;0.0;3873;"2016-04-09 15:45:27"
13732;31.83;0.82;0.0;3873;"2016-04-09 15:45:27"
13733;31.85;0.8;0.0;3873;"2016-04-09 15:45:27"
13734;31.85;0.8;0.0;3840;"2016-04-09 15:45:28"
13735;31.85;0.79;0.0;3840;"2016-04-09 15:45:28"
13736;31.85;0.78;0.0;3840;"2016-04-09 15:45:28"
13737;31.85;0.79;0.0;3840;"2016-04-09 15:45:28"
13738;31.85;0.75;0.0;3804;"2016-04-09 15:45:28"
13739;31.89;0.74;0.0;3804;"2016-04-09 15:45:28"
13740;31.85;0.62;0.0;3696;"2016-04-09 15:45:29"
13741;31.89;0.64;0.0;3696;"2016-04-09 15:45:30"
13742;31.89;0.62;0.0;3696;"2016-04-09 15:45:30"
13743;31.91;0.62;0.0;3696;"2016-04-09 15:45:30"
13744;31.87;0.62;0.0;3696;"2016-04-09 15:45:30"
13745;31.88;0.61;0.0;3549;"2016-04-09 15:45:30"
13746;31.89;0.61;0.0;3549;"2016-04-09 15:45:30"
13747;31.95;0.02;0.0;3549;"2016-04-09 15:45:31"
13748;31.97;0.02;0.0;3303;"2016-04-09 15:45:31"
13749;31.91;0.02;0.0;3303;"2016-04-09 15:45:31"
13750;31.91;0.02;0.0;3303;"2016-04-09 15:45:31"
13751;31.95;0.02;0.0;3303;"2016-04-09 15:45:32"
13752;31.97;0.02;0.0;2862;"2016-04-09 15:45:32"
13753;31.97;0.02;0.0;2862;"2016-04-09 15:45:32"
13754;31.95;0.02;0.0;2862;"2016-04-09 15:45:33"
13755;31.97;1.12;0.0;420;"2016-04-09 15:46:42"
13756;31.97;0.72;0.0;420;"2016-04-09 15:46:42"
13757;31.97;0.67;0.0;1005;"2016-04-09 15:46:43"
13758;31.97;0.66;0.0;1005;"2016-04-09 15:46:43"
13759;31.97;0.62;0.0;1611;"2016-04-09 15:46:44"
13760;31.97;0.63;0.0;1611;"2016-04-09 15:46:44"
13761;31.97;0.67;0.0;1611;"2016-04-09 15:46:44"
13762;31.99;0.63;0.0;2217;"2016-04-09 15:46:45"
13763;31.99;0.63;0.0;2217;"2016-04-09 15:46:45"
13764;31.99;0.67;0.0;2217;"2016-04-09 15:46:45"
13765;31.99;0.64;0.0;2217;"2016-04-09 15:46:45"
13766;31.99;0.64;0.0;2217;"2016-04-09 15:46:45"
13767;31.99;0.64;0.0;2751;"2016-04-09 15:46:45"
13768;31.99;0.7;0.0;2751;"2016-04-09 15:46:45"
13769;31.99;0.67;0.0;2751;"2016-04-09 15:46:45"
13770;31.99;0.66;0.0;2751;"2016-04-09 15:46:46"
13771;32.03;0.63;0.0;2751;"2016-04-09 15:46:46"
13772;31.99;0.67;0.0;2751;"2016-04-09 15:46:46"
13773;31.97;0.78;0.0;3072;"2016-04-09 15:46:46"
13774;31.95;0.85;0.0;3072;"2016-04-09 15:46:47"
13775;31.97;0.78;0.0;3072;"2016-04-09 15:46:47"
13776;31.99;0.78;0.0;3150;"2016-04-09 15:46:47"
13777;31.99;0.78;0.0;3150;"2016-04-09 15:46:47"
13778;32.0;0.79;0.0;3150;"2016-04-09 15:46:47"
13779;32.03;0.8;0.0;3150;"2016-04-09 15:46:47"
13780;31.99;0.8;0.0;3150;"2016-04-09 15:46:48"
13781;31.99;0.81;0.0;3150;"2016-04-09 15:46:48"
13782;31.99;0.81;0.0;3261;"2016-04-09 15:46:49"
13783;32.05;0.81;0.0;3261;"2016-04-09 15:46:49"
13784;31.99;0.81;0.0;3390;"2016-04-09 15:46:50"
13785;32.03;0.9;0.0;3483;"2016-04-09 15:46:51"
13786;32.06;0.85;0.0;3612;"2016-04-09 15:46:51"
13787;32.09;0.86;0.0;3612;"2016-04-09 15:46:52"
13788;32.1;0.81;0.0;3810;"2016-04-09 15:46:53"
13789;32.11;0.81;0.0;3810;"2016-04-09 15:46:54"
13790;32.09;0.82;0.0;3810;"2016-04-09 15:46:54"
13791;32.09;0.87;0.0;3810;"2016-04-09 15:46:54"
13792;32.09;0.85;0.0;3816;"2016-04-09 15:46:54"
13793;32.11;0.81;0.0;3816;"2016-04-09 15:46:55"
13794;32.11;0.81;0.0;3816;"2016-04-09 15:46:55"
13795;32.11;0.81;0.0;3816;"2016-04-09 15:46:55"
13796;32.09;0.89;0.0;3876;"2016-04-09 15:46:55"
13797;32.11;0.82;0.0;3891;"2016-04-09 15:46:57"
13798;32.11;0.81;0.0;3891;"2016-04-09 15:46:57"
13799;32.11;0.83;0.0;3891;"2016-04-09 15:46:57"
13800;32.11;0.82;0.0;3876;"2016-04-09 15:46:57"
13801;32.11;0.82;0.0;3876;"2016-04-09 15:46:58"
13802;32.13;0.83;0.0;3876;"2016-04-09 15:46:58"
13803;32.11;0.87;0.0;3876;"2016-04-09 15:46:58"
13804;32.14;0.84;0.0;3840;"2016-04-09 15:46:59"
13805;32.17;0.86;0.0;3840;"2016-04-09 15:46:59"
13806;32.14;0.83;0.0;3807;"2016-04-09 15:47:00"
13807;32.17;0.81;0.0;3807;"2016-04-09 15:47:01"
13808;32.19;0.84;0.0;3807;"2016-04-09 15:47:01"
13809;32.17;0.84;0.0;3807;"2016-04-09 15:47:01"
13810;32.17;0.82;0.0;3807;"2016-04-09 15:47:01"
13811;32.17;0.81;0.0;3801;"2016-04-09 15:47:01"
13812;32.19;0.81;0.0;3801;"2016-04-09 15:47:01"
13813;32.17;0.78;0.0;3801;"2016-04-09 15:47:01"
13814;32.13;0.8;0.0;3801;"2016-04-09 15:47:02"
13815;32.19;0.85;0.0;3801;"2016-04-09 15:47:02"
13816;32.13;0.85;0.0;3804;"2016-04-09 15:47:02"
13817;32.19;0.87;0.0;3804;"2016-04-09 15:47:03"
13818;32.25;0.82;0.0;3804;"2016-04-09 15:47:03"
13819;32.25;0.83;0.0;3804;"2016-04-09 15:47:03"
13820;32.21;0.91;0.0;3837;"2016-04-09 15:47:03"
13821;32.21;0.87;0.0;3837;"2016-04-09 15:47:03"
13822;32.22;0.8;0.0;3837;"2016-04-09 15:47:04"
13823;32.19;0.8;0.0;3837;"2016-04-09 15:47:04"
13824;32.25;0.38;0.0;3804;"2016-04-09 15:47:06"
13825;32.27;0.02;0.0;3531;"2016-04-09 15:47:06"
13826;32.33;0.89;0.0;0;"2016-04-09 15:47:48"
13827;32.33;1.21;0.0;48;"2016-04-09 15:47:48"
13828;32.31;1.3;0.0;48;"2016-04-09 15:47:49"
13829;32.31;1.03;0.0;48;"2016-04-09 15:47:49"
13830;32.33;0.95;0.0;396;"2016-04-09 15:47:49"
13831;32.31;0.83;0.0;396;"2016-04-09 15:47:49"
13832;32.31;0.75;0.0;396;"2016-04-09 15:47:50"
13833;32.33;0.75;0.0;1014;"2016-04-09 15:47:50"
13834;32.33;0.75;0.0;1014;"2016-04-09 15:47:50"
13835;32.31;0.73;0.0;1014;"2016-04-09 15:47:51"
13836;32.33;0.78;0.0;1665;"2016-04-09 15:47:51"
13837;32.33;0.78;0.0;1665;"2016-04-09 15:47:51"
13838;32.31;0.71;0.0;1665;"2016-04-09 15:47:51"
13839;32.31;0.77;0.0;1665;"2016-04-09 15:47:52"
13840;32.33;0.79;0.0;2358;"2016-04-09 15:47:52"
13841;32.35;0.74;0.0;2358;"2016-04-09 15:47:52"
13842;32.35;0.71;0.0;2358;"2016-04-09 15:47:52"
13843;32.33;0.74;0.0;2358;"2016-04-09 15:47:53"
13844;32.33;0.71;0.0;2358;"2016-04-09 15:47:53"
13845;32.35;0.7;0.0;2979;"2016-04-09 15:47:53"
13846;32.39;0.7;0.0;2979;"2016-04-09 15:47:54"
13847;32.33;0.72;0.0;3300;"2016-04-09 15:47:54"
13848;32.33;0.75;0.0;3300;"2016-04-09 15:47:55"
13849;32.41;0.71;0.0;3384;"2016-04-09 15:47:56"
13850;32.39;0.72;0.0;3453;"2016-04-09 15:47:56"
13851;32.35;0.72;0.0;3459;"2016-04-09 15:47:57"
13852;32.35;0.71;0.0;3459;"2016-04-09 15:47:57"
13853;32.39;0.71;0.0;3459;"2016-04-09 15:47:57"
13854;32.35;0.72;0.0;3459;"2016-04-09 15:47:58"
13855;32.38;0.73;0.0;3498;"2016-04-09 15:47:58"
13856;32.35;0.71;0.0;3498;"2016-04-09 15:47:58"
13857;32.35;0.72;0.0;3498;"2016-04-09 15:47:59"
13858;32.35;0.74;0.0;3498;"2016-04-09 15:47:59"
13859;32.35;0.71;0.0;3498;"2016-04-09 15:47:59"
13860;32.39;0.73;0.0;3552;"2016-04-09 15:47:59"
13861;32.39;0.79;0.0;3552;"2016-04-09 15:48:00"
13862;32.35;0.72;0.0;3552;"2016-04-09 15:48:00"
13863;32.45;0.78;0.0;3552;"2016-04-09 15:48:00"
13864;32.39;0.73;0.0;3552;"2016-04-09 15:48:00"
13865;32.36;0.76;0.0;3552;"2016-04-09 15:48:00"
13866;32.41;0.72;0.0;3552;"2016-04-09 15:48:01"
13867;32.41;0.73;0.0;3552;"2016-04-09 15:48:01"
13868;32.41;0.72;0.0;3552;"2016-04-09 15:48:01"
13869;32.41;0.73;0.0;3552;"2016-04-09 15:48:01"
13870;32.41;0.71;0.0;3552;"2016-04-09 15:48:01"
13871;32.45;0.71;0.0;3573;"2016-04-09 15:48:01"
13872;32.47;0.7;0.0;3573;"2016-04-09 15:48:01"
13873;32.47;0.69;0.0;3573;"2016-04-09 15:48:02"
13874;32.45;0.74;0.0;3573;"2016-04-09 15:48:02"
13875;32.45;0.72;0.0;3573;"2016-04-09 15:48:02"
13876;32.45;0.76;0.0;3573;"2016-04-09 15:48:02"
13877;32.45;0.71;0.0;3558;"2016-04-09 15:48:02"
13878;32.45;0.72;0.0;3558;"2016-04-09 15:48:02"
13879;32.45;0.79;0.0;3558;"2016-04-09 15:48:03"
13880;32.45;0.72;0.0;3558;"2016-04-09 15:48:03"
13881;32.45;0.71;0.0;3558;"2016-04-09 15:48:03"
13882;32.45;0.71;0.0;3558;"2016-04-09 15:48:03"
13883;32.45;0.72;0.0;3558;"2016-04-09 15:48:03"
13884;32.45;0.75;0.0;3558;"2016-04-09 15:48:03"
13885;32.47;0.72;0.0;3543;"2016-04-09 15:48:03"
13886;32.47;0.73;0.0;3543;"2016-04-09 15:48:03"
13887;32.45;0.72;0.0;3543;"2016-04-09 15:48:03"
13888;32.45;0.72;0.0;3543;"2016-04-09 15:48:04"
13889;32.47;0.76;0.0;3543;"2016-04-09 15:48:04"
13890;32.49;0.74;0.0;3543;"2016-04-09 15:48:04"
13891;32.45;0.73;0.0;3498;"2016-04-09 15:48:04"
13892;32.47;0.71;0.0;3498;"2016-04-09 15:48:05"
13893;32.45;0.71;0.0;3495;"2016-04-09 15:48:05"
13894;32.45;0.78;0.0;3495;"2016-04-09 15:48:05"
13895;32.47;0.72;0.0;3495;"2016-04-09 15:48:05"
13896;32.47;0.74;0.0;3495;"2016-04-09 15:48:06"
13897;32.45;0.7;0.0;3432;"2016-04-09 15:48:06"
13898;32.47;0.72;0.0;3468;"2016-04-09 15:48:07"
13899;32.47;0.71;0.0;3468;"2016-04-09 15:48:09"
13900;32.55;0.7;0.0;3468;"2016-04-09 15:48:09"
13901;32.55;0.74;0.0;3537;"2016-04-09 15:48:09"
13902;32.5;0.71;0.0;3537;"2016-04-09 15:48:09"
13903;32.55;0.76;0.0;3546;"2016-04-09 15:48:11"
13904;32.55;0.68;0.0;3546;"2016-04-09 15:48:11"
13905;32.55;0.67;0.0;3576;"2016-04-09 15:48:11"
13906;32.59;0.02;0.0;3531;"2016-04-09 15:48:13"
13907;32.59;0.02;0.0;3273;"2016-04-09 15:48:14"
13908;32.59;0.02;0.0;2745;"2016-04-09 15:48:14"
13909;32.59;0.02;0.0;2745;"2016-04-09 15:48:14"
13910;32.59;0.03;0.0;2745;"2016-04-09 15:48:15"
13911;32.59;0.02;0.0;2082;"2016-04-09 15:48:16"
13912;32.56;0.02;0.0;1374;"2016-04-09 15:48:16"
13913;32.61;0.02;0.0;1374;"2016-04-09 15:48:17"
13914;32.61;0.02;0.0;1374;"2016-04-09 15:48:17"
13915;32.39;0.89;0.0;12;"2016-04-09 15:50:43"
13916;32.39;1.15;0.0;12;"2016-04-09 15:50:43"
13917;32.39;1.07;0.0;147;"2016-04-09 15:50:43"
13918;32.41;1.25;0.0;147;"2016-04-09 15:50:43"
13919;32.41;1.13;0.0;147;"2016-04-09 15:50:44"
13920;32.39;0.95;0.0;147;"2016-04-09 15:50:44"
13921;32.39;0.66;0.0;1215;"2016-04-09 15:50:45"
13922;32.4;0.63;0.0;2550;"2016-04-09 15:50:47"
13923;32.39;0.66;0.0;2550;"2016-04-09 15:50:47"
13924;32.41;0.71;0.0;3099;"2016-04-09 15:50:49"
13925;32.41;0.71;0.0;3099;"2016-04-09 15:50:49"
13926;32.41;0.74;0.0;3408;"2016-04-09 15:50:49"
13927;32.41;0.78;0.0;3408;"2016-04-09 15:50:50"
13928;32.41;0.77;0.0;3408;"2016-04-09 15:50:50"
13929;32.41;0.78;0.0;3408;"2016-04-09 15:50:50"
13930;32.41;0.8;0.0;3492;"2016-04-09 15:50:50"
13931;32.41;0.82;0.0;3492;"2016-04-09 15:50:50"
13932;32.41;0.81;0.0;3492;"2016-04-09 15:50:51"
13933;32.41;0.79;0.0;3558;"2016-04-09 15:50:51"
13934;32.41;0.82;0.0;3558;"2016-04-09 15:50:51"
13935;32.41;0.87;0.0;3651;"2016-04-09 15:50:53"
13936;32.41;0.85;0.0;3762;"2016-04-09 15:50:53"
13937;32.41;0.87;0.0;3816;"2016-04-09 15:50:55"
13938;32.41;0.86;0.0;3816;"2016-04-09 15:50:55"
13939;32.41;0.86;0.0;3816;"2016-04-09 15:50:55"
13940;32.41;0.85;0.0;3900;"2016-04-09 15:50:55"
13941;32.41;0.86;0.0;3900;"2016-04-09 15:50:56"
13942;32.41;0.81;0.0;3900;"2016-04-09 15:50:56"
13943;32.41;0.73;0.0;4032;"2016-04-09 15:50:56"
13944;32.41;0.83;0.0;4032;"2016-04-09 15:50:57"
13945;32.41;0.82;0.0;3987;"2016-04-09 15:50:57"
13946;32.41;0.84;0.0;3987;"2016-04-09 15:50:57"
13947;32.41;0.8;0.0;3987;"2016-04-09 15:50:57"
13948;32.41;0.8;0.0;3987;"2016-04-09 15:50:58"
13949;32.45;0.85;0.0;3987;"2016-04-09 15:50:59"
13950;32.47;0.84;0.0;4065;"2016-04-09 15:51:00"
13951;32.49;0.84;0.0;3978;"2016-04-09 15:51:01"
13952;32.49;0.72;0.0;4062;"2016-04-09 15:51:03"
13953;32.53;0.68;0.0;4062;"2016-04-09 15:51:03"
13954;32.49;0.65;0.0;4047;"2016-04-09 15:51:03"
13955;32.49;0.65;0.0;4047;"2016-04-09 15:51:03"
13956;32.49;0.65;0.0;4047;"2016-04-09 15:51:03"
13957;32.53;0.7;0.0;4047;"2016-04-09 15:51:04"
13958;32.53;0.65;0.0;3882;"2016-04-09 15:51:04"
13959;32.53;0.43;0.0;3882;"2016-04-09 15:51:05"
13960;32.53;0.1;0.0;3882;"2016-04-09 15:51:05"
13961;32.49;0.02;0.0;3630;"2016-04-09 15:51:05"
13962;32.53;0.02;0.0;3630;"2016-04-09 15:51:05"
13963;32.53;0.02;0.0;3630;"2016-04-09 15:51:05"
13964;32.55;0.02;0.0;3207;"2016-04-09 15:51:07"
13965;32.55;0.02;0.0;3207;"2016-04-09 15:51:07"
13966;32.59;0.02;0.0;2547;"2016-04-09 15:51:07"
13967;32.55;0.02;0.0;2547;"2016-04-09 15:51:08"
13968;32.59;0.02;0.0;2547;"2016-04-09 15:51:08"
13969;32.53;1.14;0.0;0;"2016-04-09 15:51:46"
13970;32.59;1.09;0.0;114;"2016-04-09 15:51:46"
13971;32.69;0.05;0.0;0;"2016-04-09 15:52:08"
13972;32.69;0.04;0.0;0;"2016-04-09 15:52:08"
13973;32.69;0.03;0.0;0;"2016-04-09 15:52:08"
13974;32.69;0.02;0.0;0;"2016-04-09 15:52:08"
13975;32.63;0.02;0.0;0;"2016-04-09 15:52:08"
13976;32.69;0.02;0.0;0;"2016-04-09 15:52:09"
13977;32.63;0.02;0.0;0;"2016-04-09 15:52:09"
13978;32.69;0.02;0.0;0;"2016-04-09 15:52:09"
13979;32.69;0.02;0.0;0;"2016-04-09 15:52:10"
13980;32.67;0.02;0.0;0;"2016-04-09 15:52:10"
13981;32.67;0.02;0.0;0;"2016-04-09 15:52:10"
13982;32.67;0.02;0.0;0;"2016-04-09 15:52:10"
13983;32.69;0.02;0.0;0;"2016-04-09 15:52:10"
13984;32.67;0.02;0.0;0;"2016-04-09 15:52:11"
13985;32.69;0.02;0.0;0;"2016-04-09 15:52:11"
13986;32.67;0.02;0.0;0;"2016-04-09 15:52:11"
13987;32.69;0.02;0.0;0;"2016-04-09 15:52:11"
13988;32.75;0.02;0.0;0;"2016-04-09 15:52:12"
13989;32.75;0.02;0.0;0;"2016-04-09 15:52:12"
13990;32.75;0.02;0.0;0;"2016-04-09 15:52:12"
13991;32.72;0.02;0.0;0;"2016-04-09 15:52:12"
13992;32.75;0.02;0.0;0;"2016-04-09 15:52:13"
13993;32.74;0.02;0.0;0;"2016-04-09 15:52:13"
13994;32.75;0.02;0.0;0;"2016-04-09 15:52:13"
13995;32.75;0.02;0.0;0;"2016-04-09 15:52:13"
13996;32.71;0.02;0.0;0;"2016-04-09 15:52:14"
13997;32.71;0.02;0.0;0;"2016-04-09 15:52:14"
13998;32.71;0.02;0.0;0;"2016-04-09 15:52:14"
13999;32.71;0.02;0.0;0;"2016-04-09 15:52:14"
14000;32.71;0.02;0.0;0;"2016-04-09 15:52:14"
14001;32.71;0.02;0.0;0;"2016-04-09 15:52:15"
14002;32.71;0.02;0.0;0;"2016-04-09 15:52:15"
14003;32.71;0.02;0.0;0;"2016-04-09 15:52:15"
14004;32.75;0.02;0.0;0;"2016-04-09 15:52:15"
14005;32.69;0.99;0.0;0;"2016-04-09 15:52:15"
14006;32.69;0.85;0.0;0;"2016-04-09 15:52:15"
14007;32.71;0.9;0.0;0;"2016-04-09 15:52:16"
14008;32.75;1.0;0.0;0;"2016-04-09 15:52:16"
14009;32.71;1.31;0.0;30;"2016-04-09 15:52:16"
14010;32.71;1.42;0.0;30;"2016-04-09 15:52:16"
14011;32.71;1.25;0.0;30;"2016-04-09 15:52:16"
14012;32.75;1.06;0.0;30;"2016-04-09 15:52:17"
14013;32.77;0.94;0.0;1041;"2016-04-09 15:52:18"
14014;32.77;0.88;0.0;1041;"2016-04-09 15:52:18"
14015;32.75;0.9;0.0;1041;"2016-04-09 15:52:18"
14016;32.75;0.92;0.0;1041;"2016-04-09 15:52:18"
14017;32.75;0.9;0.0;1821;"2016-04-09 15:52:19"
14018;32.75;0.92;0.0;1821;"2016-04-09 15:52:19"
14019;32.75;0.88;0.0;1821;"2016-04-09 15:52:19"
14020;32.75;0.91;0.0;1821;"2016-04-09 15:52:20"
14021;32.75;0.84;0.0;1821;"2016-04-09 15:52:20"
14022;32.71;0.86;0.0;2622;"2016-04-09 15:52:20"
14023;32.75;0.86;0.0;2622;"2016-04-09 15:52:20"
14024;32.72;0.87;0.0;2622;"2016-04-09 15:52:20"
14025;32.77;0.85;0.0;2622;"2016-04-09 15:52:20"
14026;32.77;0.84;0.0;3417;"2016-04-09 15:52:21"
14027;32.77;0.86;0.0;3417;"2016-04-09 15:52:22"
14028;32.77;0.87;0.0;3963;"2016-04-09 15:52:22"
14029;32.77;0.85;0.0;3963;"2016-04-09 15:52:22"
14030;32.77;0.82;0.0;4182;"2016-04-09 15:52:24"
14031;32.77;0.83;0.0;4182;"2016-04-09 15:52:24"
14032;32.77;0.9;0.0;4182;"2016-04-09 15:52:24"
14033;32.77;0.83;0.0;4182;"2016-04-09 15:52:24"
14034;32.8;0.88;0.0;4161;"2016-04-09 15:52:26"
14035;32.81;0.84;0.0;4074;"2016-04-09 15:52:27"
14036;32.81;0.85;0.0;4074;"2016-04-09 15:52:27"
14037;32.83;0.85;0.0;4032;"2016-04-09 15:52:29"
14038;32.83;0.83;0.0;4032;"2016-04-09 15:52:29"
14039;32.83;0.85;0.0;4032;"2016-04-09 15:52:29"
14040;32.83;0.86;0.0;4032;"2016-04-09 15:52:29"
14041;32.83;0.86;0.0;4032;"2016-04-09 15:52:30"
14042;32.83;0.81;0.0;4026;"2016-04-09 15:52:30"
14043;32.85;0.83;0.0;4026;"2016-04-09 15:52:30"
14044;32.84;0.82;0.0;4026;"2016-04-09 15:52:30"
14045;32.85;0.82;0.0;4026;"2016-04-09 15:52:30"
14046;32.83;0.83;0.0;4026;"2016-04-09 15:52:30"
14047;32.83;0.84;0.0;3996;"2016-04-09 15:52:31"
14048;32.83;0.02;0.0;3996;"2016-04-09 15:52:31"
14049;32.83;0.02;0.0;3996;"2016-04-09 15:52:32"
14050;32.85;0.02;0.0;3741;"2016-04-09 15:52:32"
14051;32.85;0.02;0.0;3741;"2016-04-09 15:52:32"
14052;32.85;0.02;0.0;3189;"2016-04-09 15:52:33"
14053;32.85;0.02;0.0;3189;"2016-04-09 15:52:33"
14054;32.85;0.02;0.0;3189;"2016-04-09 15:52:33"
14055;32.85;0.02;0.0;2511;"2016-04-09 15:52:34"
14056;32.85;0.02;0.0;2511;"2016-04-09 15:52:34"
14057;32.85;0.02;0.0;2511;"2016-04-09 15:52:34"
14058;32.85;0.02;0.0;2511;"2016-04-09 15:52:34"
14059;32.85;1.11;0.0;111;"2016-04-09 15:53:17"
14060;32.85;1.18;0.0;111;"2016-04-09 15:53:17"
14061;32.85;1.08;0.0;111;"2016-04-09 15:53:17"
14062;32.85;1.11;0.0;111;"2016-04-09 15:53:17"
14063;32.89;0.87;0.0;519;"2016-04-09 15:53:18"
14064;32.85;0.76;0.0;1185;"2016-04-09 15:53:19"
14065;32.85;0.78;0.0;1185;"2016-04-09 15:53:19"
14066;32.85;0.77;0.0;1185;"2016-04-09 15:53:19"
14067;32.85;0.8;0.0;1185;"2016-04-09 15:53:19"
14068;32.85;0.76;0.0;1185;"2016-04-09 15:53:20"
14069;32.85;0.76;0.0;1908;"2016-04-09 15:53:20"
14070;32.89;0.82;0.0;1908;"2016-04-09 15:53:20"
14071;32.89;0.77;0.0;2658;"2016-04-09 15:53:21"
14072;32.85;0.8;0.0;2658;"2016-04-09 15:53:21"
14073;32.89;0.76;0.0;3282;"2016-04-09 15:53:22"
14074;32.85;0.75;0.0;3282;"2016-04-09 15:53:22"
14075;32.85;0.75;0.0;3282;"2016-04-09 15:53:22"
14076;32.89;0.74;0.0;3282;"2016-04-09 15:53:22"
14077;32.89;0.74;0.0;3282;"2016-04-09 15:53:22"
14078;32.89;0.75;0.0;3282;"2016-04-09 15:53:22"
14079;32.89;0.8;0.0;3282;"2016-04-09 15:53:23"
14080;32.85;0.78;0.0;3282;"2016-04-09 15:53:23"
14081;32.85;0.78;0.0;3600;"2016-04-09 15:53:23"
14082;32.89;0.76;0.0;3600;"2016-04-09 15:53:23"
14083;32.89;0.77;0.0;3600;"2016-04-09 15:53:23"
14084;32.91;0.75;0.0;3702;"2016-04-09 15:53:24"
14085;32.91;0.76;0.0;3702;"2016-04-09 15:53:25"
14086;32.91;0.77;0.0;3759;"2016-04-09 15:53:25"
14087;32.89;0.77;0.0;3759;"2016-04-09 15:53:25"
14088;32.91;0.75;0.0;3759;"2016-04-09 15:53:25"
14089;32.97;0.79;0.0;3783;"2016-04-09 15:53:27"
14090;32.97;0.8;0.0;3783;"2016-04-09 15:53:27"
14091;32.97;0.77;0.0;3831;"2016-04-09 15:53:28"
14092;32.95;0.8;0.0;3831;"2016-04-09 15:53:28"
14093;32.97;0.77;0.0;3858;"2016-04-09 15:53:29"
14094;32.97;0.75;0.0;3858;"2016-04-09 15:53:29"
14095;32.97;0.82;0.0;3858;"2016-04-09 15:53:29"
14096;32.97;0.78;0.0;3858;"2016-04-09 15:53:29"
14097;32.97;0.79;0.0;3858;"2016-04-09 15:53:29"
14098;32.96;0.77;0.0;3858;"2016-04-09 15:53:29"
14099;32.97;0.76;0.0;3858;"2016-04-09 15:53:30"
14100;32.97;0.82;0.0;3891;"2016-04-09 15:53:30"
14101;32.97;0.82;0.0;3891;"2016-04-09 15:53:30"
14102;32.96;0.78;0.0;3891;"2016-04-09 15:53:30"
14103;33.01;0.73;0.0;3903;"2016-04-09 15:53:31"
14104;33.03;0.77;0.0;3903;"2016-04-09 15:53:31"
14105;33.03;0.84;0.0;3903;"2016-04-09 15:53:31"
14106;32.99;0.79;0.0;3945;"2016-04-09 15:53:32"
14107;32.95;0.77;0.0;3945;"2016-04-09 15:53:32"
14108;33.05;0.78;0.0;3951;"2016-04-09 15:53:33"
14109;33.05;0.83;0.0;3951;"2016-04-09 15:53:33"
14110;33.03;0.75;0.0;3951;"2016-04-09 15:53:34"
14111;33.05;0.73;0.0;3912;"2016-04-09 15:53:34"
14112;33.03;0.74;0.0;3912;"2016-04-09 15:53:34"
14113;33.03;0.75;0.0;3912;"2016-04-09 15:53:34"
14114;33.05;0.75;0.0;3864;"2016-04-09 15:53:35"
14115;33.05;0.78;0.0;3864;"2016-04-09 15:53:35"
14116;33.03;0.75;0.0;3855;"2016-04-09 15:53:36"
14117;33.05;0.83;0.0;3855;"2016-04-09 15:53:37"
14118;33.05;0.73;0.0;3843;"2016-04-09 15:53:37"
14119;33.11;0.67;0.0;3786;"2016-04-09 15:53:39"
14120;33.11;0.69;0.0;3786;"2016-04-09 15:53:39"
14121;33.13;0.03;0.0;3711;"2016-04-09 15:53:40"
14122;33.11;0.02;0.0;3711;"2016-04-09 15:53:40"
14123;33.11;0.02;0.0;3387;"2016-04-09 15:53:41"
14124;33.07;0.02;0.0;3387;"2016-04-09 15:53:41"
14125;33.07;0.02;0.0;2856;"2016-04-09 15:53:42"
14126;33.07;0.02;0.0;2856;"2016-04-09 15:53:42"
14127;33.13;0.02;0.0;2160;"2016-04-09 15:53:43"
14128;33.13;0.02;0.0;2160;"2016-04-09 15:53:43"
14129;33.13;0.02;0.0;2160;"2016-04-09 15:53:43"
14130;33.13;0.02;0.0;1431;"2016-04-09 15:53:44"
14131;33.19;0.72;0.0;780;"2016-04-09 15:53:58"
14132;33.19;0.72;0.0;1428;"2016-04-09 15:53:59"
14133;33.25;0.76;0.0;1428;"2016-04-09 15:54:00"
14134;33.19;0.76;0.0;3297;"2016-04-09 15:54:02"
14135;33.19;0.79;0.0;3297;"2016-04-09 15:54:02"
14136;33.21;0.74;0.0;3507;"2016-04-09 15:54:03"
14137;33.19;0.77;0.0;3507;"2016-04-09 15:54:03"
14138;33.21;0.76;0.0;3507;"2016-04-09 15:54:03"
14139;33.19;0.75;0.0;3507;"2016-04-09 15:54:03"
14140;33.21;0.73;0.0;3642;"2016-04-09 15:54:04"
14141;33.19;0.76;0.0;3642;"2016-04-09 15:54:04"
14142;33.21;0.75;0.0;3642;"2016-04-09 15:54:04"
14143;33.25;0.82;0.0;3642;"2016-04-09 15:54:04"
14144;33.19;0.74;0.0;3642;"2016-04-09 15:54:04"
14145;33.19;0.76;0.0;3783;"2016-04-09 15:54:06"
14146;33.25;0.74;0.0;3909;"2016-04-09 15:54:07"
14147;33.25;0.76;0.0;3957;"2016-04-09 15:54:08"
14148;33.25;0.73;0.0;3957;"2016-04-09 15:54:08"
14149;33.21;0.73;0.0;3957;"2016-04-09 15:54:08"
14150;33.21;0.75;0.0;3957;"2016-04-09 15:54:08"
14151;33.29;0.76;0.0;3993;"2016-04-09 15:54:11"
14152;33.27;0.76;0.0;3993;"2016-04-09 15:54:11"
14153;33.35;0.76;0.0;3966;"2016-04-09 15:54:13"
14154;33.35;0.78;0.0;3966;"2016-04-09 15:54:13"
14155;33.33;0.75;0.0;3966;"2016-04-09 15:54:14"
14156;33.29;0.74;0.0;3939;"2016-04-09 15:54:14"
14157;33.33;0.75;0.0;3939;"2016-04-09 15:54:14"
14158;33.35;0.81;0.0;3939;"2016-04-09 15:54:14"
14159;33.35;0.75;0.0;3939;"2016-04-09 15:54:14"
14160;33.35;0.74;0.0;3939;"2016-04-09 15:54:15"
14161;33.35;0.75;0.0;3939;"2016-04-09 15:54:15"
14162;33.39;0.79;0.0;3903;"2016-04-09 15:54:15"
14163;33.37;0.77;0.0;3909;"2016-04-09 15:54:16"
14164;33.39;0.75;0.0;3909;"2016-04-09 15:54:16"
14165;33.39;0.68;0.0;3909;"2016-04-09 15:54:16"
14166;33.39;0.03;0.0;3837;"2016-04-09 15:54:18"
14167;33.39;0.02;0.0;3594;"2016-04-09 15:54:18"
14168;33.39;0.02;0.0;3594;"2016-04-09 15:54:18"
14169;34.15;0.74;0.0;1611;"2016-04-09 15:56:54"
14170;34.15;0.75;0.0;1611;"2016-04-09 15:56:54"
14171;34.15;0.76;0.0;2349;"2016-04-09 15:56:55"
14172;34.17;0.77;0.0;2349;"2016-04-09 15:56:55"
14173;34.21;0.79;0.0;3099;"2016-04-09 15:56:56"
14174;34.13;0.8;0.0;3099;"2016-04-09 15:56:56"
14175;34.21;0.79;0.0;3870;"2016-04-09 15:56:59"
14176;34.21;0.82;0.0;3966;"2016-04-09 15:57:00"
14177;34.21;0.83;0.0;3966;"2016-04-09 15:57:00"
14178;34.21;0.81;0.0;3966;"2016-04-09 15:57:00"
14179;34.21;0.79;0.0;3966;"2016-04-09 15:57:00"
14180;34.2;0.78;0.0;3966;"2016-04-09 15:57:00"
14181;34.21;0.79;0.0;3966;"2016-04-09 15:57:00"
14182;34.21;0.82;0.0;4104;"2016-04-09 15:57:02"
14183;34.21;0.8;0.0;4104;"2016-04-09 15:57:02"
14184;34.23;0.78;0.0;4104;"2016-04-09 15:57:02"
14185;34.23;0.8;0.0;4104;"2016-04-09 15:57:02"
14186;34.21;0.79;0.0;4161;"2016-04-09 15:57:03"
14187;34.21;0.79;0.0;4161;"2016-04-09 15:57:03"
14188;34.23;0.83;0.0;4161;"2016-04-09 15:57:03"
14189;34.23;0.8;0.0;4161;"2016-04-09 15:57:03"
14190;34.25;0.85;0.0;4224;"2016-04-09 15:57:04"
14191;34.23;0.81;0.0;4224;"2016-04-09 15:57:04"
14192;34.3;0.83;0.0;4158;"2016-04-09 15:57:07"
14193;34.31;0.83;0.0;4158;"2016-04-09 15:57:07"
14194;34.29;0.78;0.0;4158;"2016-04-09 15:57:07"
14195;34.25;0.8;0.0;4158;"2016-04-09 15:57:07"
14196;34.31;0.78;0.0;4158;"2016-04-09 15:57:07"
14197;34.29;0.83;0.0;4158;"2016-04-09 15:57:07"
14198;34.33;0.78;0.0;4050;"2016-04-09 15:57:10"
14199;34.33;0.77;0.0;4050;"2016-04-09 15:57:10"
14200;34.33;0.8;0.0;4050;"2016-04-09 15:57:10"
14201;34.33;0.85;0.0;4050;"2016-04-09 15:57:10"
14202;34.37;0.83;0.0;4050;"2016-04-09 15:57:10"
14203;34.39;0.78;0.0;4020;"2016-04-09 15:57:12"
14204;34.39;0.83;0.0;4020;"2016-04-09 15:57:12"
14205;34.37;0.83;0.0;4020;"2016-04-09 15:57:12"
14206;34.37;0.78;0.0;4020;"2016-04-09 15:57:12"
14207;34.37;0.76;0.0;4020;"2016-04-09 15:57:12"
14208;34.39;0.81;0.0;4020;"2016-04-09 15:57:12"
14209;34.37;0.76;0.0;4014;"2016-04-09 15:57:13"
14210;34.37;0.76;0.0;4014;"2016-04-09 15:57:13"
14211;34.31;0.66;0.0;4014;"2016-04-09 15:57:13"
14212;34.33;0.26;0.0;4014;"2016-04-09 15:57:13"
14213;34.37;0.02;0.0;4014;"2016-04-09 15:57:13"
14214;34.37;0.02;0.0;4014;"2016-04-09 15:57:13"
14215;34.43;0.02;0.0;3765;"2016-04-09 15:57:14"
14216;34.39;0.02;0.0;3765;"2016-04-09 15:57:14"
14217;34.39;0.02;0.0;3213;"2016-04-09 15:57:15"
14218;34.43;0.02;0.0;2487;"2016-04-09 15:57:16"
14219;34.43;0.02;0.0;2487;"2016-04-09 15:57:16"
14220;34.43;0.02;0.0;2487;"2016-04-09 15:57:16"
14221;34.43;0.69;0.0;1350;"2016-04-09 15:57:55"
14222;34.43;0.69;0.0;1350;"2016-04-09 15:57:55"
14223;34.43;0.67;0.0;2019;"2016-04-09 15:57:56"
14224;34.45;0.61;0.0;2019;"2016-04-09 15:57:56"
14225;34.45;0.61;0.0;2019;"2016-04-09 15:57:56"
14226;34.45;0.72;0.0;3261;"2016-04-09 15:57:58"
14227;34.47;0.75;0.0;3261;"2016-04-09 15:57:58"
14228;34.45;0.75;0.0;3261;"2016-04-09 15:57:58"
14229;34.43;0.76;0.0;3261;"2016-04-09 15:57:58"
14230;34.43;0.76;0.0;3528;"2016-04-09 15:57:59"
14231;34.43;0.8;0.0;3528;"2016-04-09 15:57:59"
14232;34.45;0.79;0.0;3528;"2016-04-09 15:57:59"
14233;34.45;0.75;0.0;3528;"2016-04-09 15:57:59"
14234;34.45;0.75;0.0;3528;"2016-04-09 15:57:59"
14235;34.47;0.76;0.0;3780;"2016-04-09 15:58:01"
14236;34.46;0.74;0.0;3780;"2016-04-09 15:58:01"
14237;34.47;0.75;0.0;3780;"2016-04-09 15:58:01"
14238;34.45;0.81;0.0;3879;"2016-04-09 15:58:02"
14239;34.45;0.76;0.0;3879;"2016-04-09 15:58:02"
14240;34.45;0.75;0.0;3879;"2016-04-09 15:58:02"
14241;34.45;0.74;0.0;3879;"2016-04-09 15:58:02"
14242;34.46;0.75;0.0;3852;"2016-04-09 15:58:04"
14243;34.47;0.74;0.0;3852;"2016-04-09 15:58:04"
14244;34.51;0.76;0.0;3894;"2016-04-09 15:58:06"
14245;34.51;0.74;0.0;3894;"2016-04-09 15:58:06"
14246;34.51;0.73;0.0;3894;"2016-04-09 15:58:07"
14247;34.53;0.76;0.0;3945;"2016-04-09 15:58:07"
14248;34.53;0.77;0.0;3945;"2016-04-09 15:58:08"
14249;34.51;0.75;0.0;3945;"2016-04-09 15:58:08"
14250;34.51;0.74;0.0;3945;"2016-04-09 15:58:08"
14251;34.51;0.75;0.0;3945;"2016-04-09 15:58:08"
14252;34.47;0.73;0.0;3945;"2016-04-09 15:58:08"
14253;34.51;0.73;0.0;3945;"2016-04-09 15:58:08"
14254;34.51;0.72;0.0;3960;"2016-04-09 15:58:09"
14255;34.58;0.76;0.0;3975;"2016-04-09 15:58:10"
14256;34.55;0.74;0.0;3975;"2016-04-09 15:58:10"
14257;34.53;0.73;0.0;3975;"2016-04-09 15:58:10"
14258;34.55;0.78;0.0;3975;"2016-04-09 15:58:10"
14259;34.55;0.72;0.0;3942;"2016-04-09 15:58:11"
14260;34.55;0.75;0.0;3942;"2016-04-09 15:58:11"
14261;34.55;0.72;0.0;3954;"2016-04-09 15:58:12"
14262;34.55;0.72;0.0;3954;"2016-04-09 15:58:12"
14263;34.58;0.73;0.0;3888;"2016-04-09 15:58:13"
14264;34.55;0.74;0.0;3888;"2016-04-09 15:58:13"
14265;34.61;0.77;0.0;3849;"2016-04-09 15:58:17"
14266;34.61;0.71;0.0;3849;"2016-04-09 15:58:17"
14267;34.61;0.71;0.0;3849;"2016-04-09 15:58:17"
14268;34.61;0.71;0.0;3849;"2016-04-09 15:58:17"
14269;34.59;0.69;0.0;3849;"2016-04-09 15:58:17"
14270;34.61;0.68;0.0;3849;"2016-04-09 15:58:17"
14271;34.63;0.71;0.0;3882;"2016-04-09 15:58:18"
14272;34.67;0.66;0.0;3882;"2016-04-09 15:58:18"
14273;34.63;0.65;0.0;3882;"2016-04-09 15:58:18"
14274;34.63;0.72;0.0;3882;"2016-04-09 15:58:18"
14275;34.67;0.03;0.0;3882;"2016-04-09 15:58:18"
14276;34.63;0.02;0.0;3882;"2016-04-09 15:58:18"
14277;34.63;0.02;0.0;3882;"2016-04-09 15:58:18"
14278;34.63;0.02;0.0;3690;"2016-04-09 15:58:19"
14279;34.61;0.02;0.0;3690;"2016-04-09 15:58:19"
14280;34.67;0.02;0.0;3690;"2016-04-09 15:58:19"
14281;34.69;1.3;0.0;0;"2016-04-09 15:58:46"
14282;34.71;1.34;0.0;0;"2016-04-09 15:58:46"
14283;34.67;1.32;0.0;0;"2016-04-09 15:58:46"
14284;34.69;1.1;0.0;147;"2016-04-09 15:58:47"
14285;34.69;1.06;0.0;147;"2016-04-09 15:58:47"
14286;34.69;1.02;0.0;147;"2016-04-09 15:58:47"
14287;34.69;0.89;0.0;147;"2016-04-09 15:58:47"
14288;34.71;0.8;0.0;147;"2016-04-09 15:58:47"
14289;34.71;0.78;0.0;147;"2016-04-09 15:58:47"
14290;34.71;0.77;0.0;147;"2016-04-09 15:58:47"
14291;34.71;0.75;0.0;147;"2016-04-09 15:58:47"
14292;34.71;0.75;0.0;657;"2016-04-09 15:58:47"
14293;34.69;0.78;0.0;657;"2016-04-09 15:58:48"
14294;34.71;0.69;0.0;657;"2016-04-09 15:58:48"
14295;34.71;0.69;0.0;657;"2016-04-09 15:58:48"
14296;34.69;0.66;0.0;657;"2016-04-09 15:58:48"
14297;34.69;0.65;0.0;1284;"2016-04-09 15:58:48"
14298;34.69;0.66;0.0;1284;"2016-04-09 15:58:49"
14299;34.7;0.64;0.0;1284;"2016-04-09 15:58:49"
14300;34.69;0.68;0.0;1284;"2016-04-09 15:58:49"
14301;34.71;0.67;0.0;1284;"2016-04-09 15:58:49"
14302;34.71;0.62;0.0;1938;"2016-04-09 15:58:50"
14303;34.71;0.63;0.0;1938;"2016-04-09 15:58:50"
14304;34.71;0.66;0.0;1938;"2016-04-09 15:58:50"
14305;34.74;0.63;0.0;1938;"2016-04-09 15:58:50"
14306;34.75;0.63;0.0;1938;"2016-04-09 15:58:50"
14307;34.71;0.62;0.0;1938;"2016-04-09 15:58:50"
14308;34.71;0.61;0.0;3159;"2016-04-09 15:58:52"
14309;34.69;0.63;0.0;3159;"2016-04-09 15:58:52"
14310;34.71;0.65;0.0;3159;"2016-04-09 15:58:52"
14311;34.71;0.62;0.0;3159;"2016-04-09 15:58:52"
14312;34.67;0.63;0.0;3159;"2016-04-09 15:58:52"
14313;34.7;0.62;0.0;3159;"2016-04-09 15:58:52"
14314;34.71;0.64;0.0;3321;"2016-04-09 15:58:53"
14315;34.71;0.63;0.0;3321;"2016-04-09 15:58:53"
14316;34.71;0.64;0.0;3321;"2016-04-09 15:58:53"
14317;34.71;0.61;0.0;3321;"2016-04-09 15:58:53"
14318;34.71;0.61;0.0;3393;"2016-04-09 15:58:54"
14319;34.69;0.61;0.0;3393;"2016-04-09 15:58:54"
14320;34.71;0.6;0.0;3393;"2016-04-09 15:58:54"
14321;34.71;0.61;0.0;3393;"2016-04-09 15:58:54"
14322;34.75;0.61;0.0;3393;"2016-04-09 15:58:54"
14323;34.75;0.64;0.0;3393;"2016-04-09 15:58:54"
14324;34.75;0.6;0.0;3393;"2016-04-09 15:58:54"
14325;34.75;0.66;0.0;3417;"2016-04-09 15:58:55"
14326;34.75;0.61;0.0;3417;"2016-04-09 15:58:55"
14327;34.75;0.6;0.0;3417;"2016-04-09 15:58:55"
14328;34.75;0.6;0.0;3444;"2016-04-09 15:58:56"
14329;34.8;0.61;0.0;3399;"2016-04-09 15:58:57"
14330;34.77;0.6;0.0;3399;"2016-04-09 15:58:57"
14331;34.75;0.61;0.0;3399;"2016-04-09 15:58:57"
14332;34.75;0.61;0.0;3399;"2016-04-09 15:58:57"
14333;34.75;0.67;0.0;3399;"2016-04-09 15:58:57"
14334;34.75;0.79;0.0;3441;"2016-04-09 15:58:58"
14335;34.75;0.73;0.0;3441;"2016-04-09 15:58:58"
14336;34.77;0.73;0.0;3441;"2016-04-09 15:58:58"
14337;34.77;0.72;0.0;3441;"2016-04-09 15:58:58"
14338;34.77;0.75;0.0;3441;"2016-04-09 15:58:58"
14339;34.81;0.72;0.0;3609;"2016-04-09 15:59:00"
14340;34.81;0.74;0.0;3609;"2016-04-09 15:59:00"
14341;34.81;0.73;0.0;3609;"2016-04-09 15:59:00"
14342;34.77;0.73;0.0;3609;"2016-04-09 15:59:00"
14343;34.77;0.74;0.0;3609;"2016-04-09 15:59:00"
14344;34.81;0.72;0.0;3690;"2016-04-09 15:59:00"
14345;34.77;0.72;0.0;3690;"2016-04-09 15:59:01"
14346;34.81;0.72;0.0;3690;"2016-04-09 15:59:01"
14347;34.77;0.73;0.0;3690;"2016-04-09 15:59:01"
14348;34.77;0.72;0.0;3690;"2016-04-09 15:59:01"
14349;34.81;0.75;0.0;3690;"2016-04-09 15:59:01"
14350;34.8;0.78;0.0;3759;"2016-04-09 15:59:02"
14351;34.81;0.73;0.0;3759;"2016-04-09 15:59:02"
14352;34.77;0.73;0.0;3759;"2016-04-09 15:59:02"
14353;34.77;0.73;0.0;3759;"2016-04-09 15:59:02"
14354;34.81;0.75;0.0;3759;"2016-04-09 15:59:02"
14355;34.83;0.76;0.0;3771;"2016-04-09 15:59:04"
14356;34.83;0.75;0.0;3771;"2016-04-09 15:59:04"
14357;34.84;0.75;0.0;3771;"2016-04-09 15:59:05"
14358;34.85;0.79;0.0;3771;"2016-04-09 15:59:05"
14359;34.91;0.75;0.0;3999;"2016-04-09 15:59:09"
14360;34.91;0.73;0.0;3999;"2016-04-09 15:59:09"
14361;34.91;0.75;0.0;4029;"2016-04-09 15:59:10"
14362;34.91;0.75;0.0;4008;"2016-04-09 15:59:11"
14363;34.93;0.75;0.0;4008;"2016-04-09 15:59:11"
14364;34.92;0.78;0.0;4008;"2016-04-09 15:59:11"
14365;34.97;0.75;0.0;4032;"2016-04-09 15:59:12"
14366;34.99;0.78;0.0;4005;"2016-04-09 15:59:13"
14367;34.99;0.78;0.0;4005;"2016-04-09 15:59:13"
14368;34.99;0.74;0.0;4005;"2016-04-09 15:59:13"
14369;34.93;0.76;0.0;4005;"2016-04-09 15:59:13"
14370;34.93;0.74;0.0;4005;"2016-04-09 15:59:13"
14371;34.99;0.67;0.0;3825;"2016-04-09 15:59:16"
14372;34.99;0.02;0.0;3825;"2016-04-09 15:59:16"
14373;35.01;0.02;0.0;3825;"2016-04-09 15:59:16"
14374;35.01;0.02;0.0;3441;"2016-04-09 15:59:16"
14375;35.05;0.02;0.0;3441;"2016-04-09 15:59:17"
14376;35.05;0.02;0.0;3441;"2016-04-09 15:59:17"
14377;35.05;0.02;0.0;3441;"2016-04-09 15:59:17"
14378;35.05;0.02;0.0;2901;"2016-04-09 15:59:18"
14379;35.05;0.02;0.0;2901;"2016-04-09 15:59:18"
14380;35.07;0.02;0.0;2901;"2016-04-09 15:59:18"
14381;35.05;0.02;0.0;2901;"2016-04-09 15:59:18"
14382;35.01;0.02;0.0;2169;"2016-04-09 15:59:19"
14383;35.05;0.02;0.0;2169;"2016-04-09 15:59:19"
14384;35.05;0.02;0.0;1407;"2016-04-09 15:59:19"
14385;35.05;0.02;0.0;1407;"2016-04-09 15:59:20"
14386;35.05;0.02;0.0;1407;"2016-04-09 15:59:20"
14387;35.05;0.02;0.0;1407;"2016-04-09 15:59:20"
14388;35.01;0.02;0.0;1407;"2016-04-09 15:59:20"
14389;35.01;0.02;0.0;1407;"2016-04-09 15:59:20"
14390;34.99;0.02;0.0;1407;"2016-04-09 15:59:20"
14391;35.01;0.02;0.0;714;"2016-04-09 15:59:20"
14392;35.05;0.02;0.0;714;"2016-04-09 15:59:21"
14393;35.05;0.02;0.0;714;"2016-04-09 15:59:21"
14394;35.05;0.02;0.0;714;"2016-04-09 15:59:21"
14395;35.05;0.02;0.0;714;"2016-04-09 15:59:21"
14396;35.05;0.02;0.0;714;"2016-04-09 15:59:21"
14397;35.07;0.02;0.0;714;"2016-04-09 15:59:21"
14398;35.07;0.02;0.0;270;"2016-04-09 15:59:21"
14399;35.05;0.02;0.0;270;"2016-04-09 15:59:22"
14400;35.07;0.02;0.0;270;"2016-04-09 15:59:22"
14401;35.05;0.02;0.0;270;"2016-04-09 15:59:22"
14402;35.05;0.02;0.0;270;"2016-04-09 15:59:22"
14403;35.05;0.02;0.0;270;"2016-04-09 15:59:22"
14404;35.09;0.02;0.0;48;"2016-04-09 15:59:23"
14405;35.07;0.02;0.0;48;"2016-04-09 15:59:23"
14406;35.07;0.02;0.0;48;"2016-04-09 15:59:23"
14407;35.07;0.02;0.0;0;"2016-04-09 15:59:24"
14408;35.13;0.02;0.0;0;"2016-04-09 15:59:24"
14409;35.07;0.02;0.0;0;"2016-04-09 15:59:24"
14410;35.07;0.02;0.0;0;"2016-04-09 15:59:25"
14411;35.13;0.02;0.0;0;"2016-04-09 15:59:26"
14412;35.07;0.02;0.0;0;"2016-04-09 15:59:26"
14413;35.07;0.02;0.0;0;"2016-04-09 15:59:26"
14414;35.07;0.02;0.0;0;"2016-04-09 15:59:26"
14415;35.05;0.02;0.0;0;"2016-04-09 15:59:26"
14416;35.07;0.02;0.0;0;"2016-04-09 15:59:27"
14417;35.05;0.02;0.0;0;"2016-04-09 15:59:27"
14418;35.05;0.02;0.0;0;"2016-04-09 15:59:27"
14419;35.05;0.02;0.0;0;"2016-04-09 15:59:27"
14420;35.05;0.02;0.0;0;"2016-04-09 15:59:27"
14421;35.07;0.02;0.0;0;"2016-04-09 15:59:27"
14422;34.97;1.05;0.0;33;"2016-04-09 16:00:59"
14423;34.97;1.11;0.0;33;"2016-04-09 16:00:59"
14424;34.97;0.92;0.0;207;"2016-04-09 16:01:00"
14425;34.97;0.84;0.0;207;"2016-04-09 16:01:00"
14426;34.97;0.84;0.0;207;"2016-04-09 16:01:00"
14427;34.97;0.77;0.0;651;"2016-04-09 16:01:01"
14428;34.97;0.74;0.0;651;"2016-04-09 16:01:01"
14429;34.99;0.67;0.0;651;"2016-04-09 16:01:01"
14430;34.99;0.65;0.0;1269;"2016-04-09 16:01:02"
14431;34.97;0.69;0.0;1269;"2016-04-09 16:01:02"
14432;34.99;0.63;0.0;1269;"2016-04-09 16:01:02"
14433;34.99;0.64;0.0;1269;"2016-04-09 16:01:02"
14434;34.97;0.64;0.0;1269;"2016-04-09 16:01:02"
14435;34.99;0.73;0.0;1941;"2016-04-09 16:01:02"
14436;34.99;0.65;0.0;1941;"2016-04-09 16:01:03"
14437;34.99;0.67;0.0;1941;"2016-04-09 16:01:03"
14438;34.98;0.74;0.0;1941;"2016-04-09 16:01:03"
14439;35.01;0.68;0.0;2640;"2016-04-09 16:01:03"
14440;35.01;0.69;0.0;2640;"2016-04-09 16:01:04"
14441;34.99;0.68;0.0;2640;"2016-04-09 16:01:04"
14442;34.97;0.67;0.0;2640;"2016-04-09 16:01:04"
14443;34.97;0.72;0.0;3213;"2016-04-09 16:01:04"
14444;34.99;0.67;0.0;3213;"2016-04-09 16:01:05"
14445;35.01;0.71;0.0;3213;"2016-04-09 16:01:05"
14446;34.99;0.7;0.0;3213;"2016-04-09 16:01:05"
14447;34.97;0.67;0.0;3213;"2016-04-09 16:01:05"
14448;34.99;0.74;0.0;3213;"2016-04-09 16:01:05"
14449;35.01;0.72;0.0;3492;"2016-04-09 16:01:05"
14450;35.01;0.67;0.0;3492;"2016-04-09 16:01:06"
14451;34.98;0.74;0.0;3492;"2016-04-09 16:01:06"
14452;34.99;0.74;0.0;3609;"2016-04-09 16:01:07"
14453;34.99;0.68;0.0;3609;"2016-04-09 16:01:07"
14454;34.99;0.74;0.0;3645;"2016-04-09 16:01:08"
14455;34.97;0.67;0.0;3645;"2016-04-09 16:01:08"
14456;34.99;0.67;0.0;3645;"2016-04-09 16:01:08"
14457;34.99;0.68;0.0;3624;"2016-04-09 16:01:09"
14458;34.99;0.68;0.0;3624;"2016-04-09 16:01:09"
14459;34.97;0.67;0.0;3624;"2016-04-09 16:01:09"
14460;34.99;0.68;0.0;3636;"2016-04-09 16:01:10"
14461;34.97;0.67;0.0;3636;"2016-04-09 16:01:10"
14462;34.99;0.68;0.0;3669;"2016-04-09 16:01:11"
14463;35.01;0.72;0.0;3669;"2016-04-09 16:01:11"
14464;35.01;0.74;0.0;3672;"2016-04-09 16:01:12"
14465;35.05;0.73;0.0;3690;"2016-04-09 16:01:12"
14466;35.05;0.7;0.0;3690;"2016-04-09 16:01:12"
14467;35.05;0.68;0.0;3690;"2016-04-09 16:01:13"
14468;35.05;0.72;0.0;3690;"2016-04-09 16:01:13"
14469;35.05;0.67;0.0;3690;"2016-04-09 16:01:13"
14470;35.05;0.67;0.0;3690;"2016-04-09 16:01:13"
14471;35.05;0.69;0.0;3690;"2016-04-09 16:01:13"
14472;35.01;0.7;0.0;3690;"2016-04-09 16:01:13"
14473;35.04;0.67;0.0;3690;"2016-04-09 16:01:13"
14474;35.05;0.67;0.0;3639;"2016-04-09 16:01:13"
14475;35.01;0.68;0.0;3639;"2016-04-09 16:01:14"
14476;35.05;0.74;0.0;3639;"2016-04-09 16:01:14"
14477;35.01;0.68;0.0;3639;"2016-04-09 16:01:14"
14478;35.01;0.67;0.0;3639;"2016-04-09 16:01:14"
14479;35.01;0.68;0.0;3639;"2016-04-09 16:01:14"
14480;35.03;0.68;0.0;3633;"2016-04-09 16:01:14"
14481;35.01;0.68;0.0;3633;"2016-04-09 16:01:14"
14482;35.05;0.68;0.0;3633;"2016-04-09 16:01:15"
14483;35.07;0.73;0.0;3570;"2016-04-09 16:01:16"
14484;35.05;0.69;0.0;3570;"2016-04-09 16:01:16"
14485;35.02;0.65;0.0;3570;"2016-04-09 16:01:16"
14486;35.01;0.67;0.0;3570;"2016-04-09 16:01:16"
14487;35.05;0.67;0.0;3570;"2016-04-09 16:01:16"
14488;35.07;0.68;0.0;3540;"2016-04-09 16:01:16"
14489;35.07;0.66;0.0;3540;"2016-04-09 16:01:17"
14490;35.05;0.67;0.0;3540;"2016-04-09 16:01:17"
14491;35.02;0.72;0.0;3495;"2016-04-09 16:01:18"
14492;35.05;0.67;0.0;3495;"2016-04-09 16:01:18"
14493;35.07;0.67;0.0;3522;"2016-04-09 16:01:18"
14494;35.07;0.72;0.0;3522;"2016-04-09 16:01:19"
14495;35.07;0.68;0.0;3522;"2016-04-09 16:01:19"
14496;35.05;0.63;0.0;3453;"2016-04-09 16:01:19"
14497;35.07;0.52;0.0;3453;"2016-04-09 16:01:20"
14498;35.09;0.02;0.0;3453;"2016-04-09 16:01:20"
14499;35.09;0.02;0.0;3453;"2016-04-09 16:01:20"
14500;35.09;0.02;0.0;3453;"2016-04-09 16:01:20"
14501;35.09;0.02;0.0;3453;"2016-04-09 16:01:20"
14502;35.13;0.02;0.0;3297;"2016-04-09 16:01:21"
14503;35.09;0.02;0.0;3297;"2016-04-09 16:01:21"
14504;35.09;0.02;0.0;2877;"2016-04-09 16:01:22"
14505;35.07;0.02;0.0;2877;"2016-04-09 16:01:22"
14506;35.07;0.02;0.0;2295;"2016-04-09 16:01:23"
14507;35.08;0.02;0.0;2295;"2016-04-09 16:01:23"
14508;35.09;0.02;0.0;2295;"2016-04-09 16:01:23"
14509;35.09;0.02;0.0;2295;"2016-04-09 16:01:23"
14510;35.15;0.02;0.0;1608;"2016-04-09 16:01:24"
14511;35.09;0.02;0.0;1608;"2016-04-09 16:01:24"
14512;35.09;0.02;0.0;924;"2016-04-09 16:01:24"
14513;35.09;0.02;0.0;924;"2016-04-09 16:01:24"
14514;35.13;0.02;0.0;387;"2016-04-09 16:01:25"
14515;35.15;0.02;0.0;387;"2016-04-09 16:01:26"
14516;35.15;0.02;0.0;387;"2016-04-09 16:01:26"
14517;35.15;0.02;0.0;387;"2016-04-09 16:01:26"
14518;35.14;0.02;0.0;387;"2016-04-09 16:01:26"
14519;35.07;0.02;0.0;99;"2016-04-09 16:01:27"
14520;35.13;0.02;0.0;99;"2016-04-09 16:01:27"
14521;35.09;0.02;0.0;0;"2016-04-09 16:01:27"
14522;35.13;0.02;0.0;0;"2016-04-09 16:01:29"
14523;35.15;0.02;0.0;0;"2016-04-09 16:01:29"
14524;35.15;0.02;0.0;0;"2016-04-09 16:01:29"
14525;35.13;0.02;0.0;0;"2016-04-09 16:01:30"
14526;35.19;0.02;0.0;0;"2016-04-09 16:01:30"
14527;35.13;0.02;0.0;0;"2016-04-09 16:01:30"
14528;35.19;0.02;0.0;0;"2016-04-09 16:01:30"
14529;35.15;0.02;0.0;0;"2016-04-09 16:01:31"
14530;35.07;1.06;0.0;147;"2016-04-09 16:02:04"
14531;35.09;0.89;0.0;513;"2016-04-09 16:02:05"
14532;35.09;0.84;0.0;513;"2016-04-09 16:02:05"
14533;35.13;0.77;0.0;513;"2016-04-09 16:02:05"
14534;35.07;0.73;0.0;513;"2016-04-09 16:02:05"
14535;35.09;0.7;0.0;513;"2016-04-09 16:02:05"
14536;35.13;0.68;0.0;1149;"2016-04-09 16:02:05"
14537;35.08;0.64;0.0;1149;"2016-04-09 16:02:06"
14538;35.13;0.66;0.0;1149;"2016-04-09 16:02:06"
14539;35.09;0.61;0.0;1818;"2016-04-09 16:02:07"
14540;35.13;0.68;0.0;1818;"2016-04-09 16:02:07"
14541;35.09;0.61;0.0;2991;"2016-04-09 16:02:09"
14542;35.09;0.65;0.0;2991;"2016-04-09 16:02:09"
14543;35.09;0.64;0.0;2991;"2016-04-09 16:02:09"
14544;35.13;0.67;0.0;3297;"2016-04-09 16:02:10"
14545;35.09;0.69;0.0;3297;"2016-04-09 16:02:10"
14546;35.15;0.7;0.0;3351;"2016-04-09 16:02:11"
14547;35.13;0.72;0.0;3507;"2016-04-09 16:02:12"
14548;35.13;0.67;0.0;3507;"2016-04-09 16:02:13"
14549;35.13;0.67;0.0;3507;"2016-04-09 16:02:13"
14550;35.13;0.74;0.0;3507;"2016-04-09 16:02:13"
14551;35.13;0.76;0.0;3507;"2016-04-09 16:02:13"
14552;35.15;0.75;0.0;3624;"2016-04-09 16:02:13"
14553;35.15;0.73;0.0;3624;"2016-04-09 16:02:13"
14554;35.15;0.74;0.0;3624;"2016-04-09 16:02:14"
14555;35.15;0.78;0.0;3624;"2016-04-09 16:02:14"
14556;35.19;0.77;0.0;3624;"2016-04-09 16:02:14"
14557;35.19;0.76;0.0;3846;"2016-04-09 16:02:16"
14558;35.19;0.78;0.0;3846;"2016-04-09 16:02:16"
14559;35.21;0.81;0.0;3927;"2016-04-09 16:02:17"
14560;35.21;0.75;0.0;3927;"2016-04-09 16:02:17"
14561;35.21;0.75;0.0;3927;"2016-04-09 16:02:17"
14562;35.19;0.75;0.0;3927;"2016-04-09 16:02:17"
14563;35.21;0.76;0.0;3984;"2016-04-09 16:02:17"
14564;35.23;0.77;0.0;4008;"2016-04-09 16:02:20"
14565;35.23;0.78;0.0;4008;"2016-04-09 16:02:20"
14566;35.23;0.77;0.0;3996;"2016-04-09 16:02:20"
14567;35.19;0.76;0.0;3996;"2016-04-09 16:02:21"
14568;35.21;0.75;0.0;3996;"2016-04-09 16:02:21"
14569;35.21;0.82;0.0;3957;"2016-04-09 16:02:21"
14570;35.27;0.79;0.0;3957;"2016-04-09 16:02:22"
14571;35.21;0.77;0.0;3957;"2016-04-09 16:02:22"
14572;35.23;0.78;0.0;3957;"2016-04-09 16:02:22"
14573;35.23;0.76;0.0;3957;"2016-04-09 16:02:22"
14574;35.21;0.78;0.0;3903;"2016-04-09 16:02:22"
14575;35.21;0.75;0.0;3903;"2016-04-09 16:02:23"
14576;35.21;0.8;0.0;3903;"2016-04-09 16:02:23"
14577;35.23;0.75;0.0;3903;"2016-04-09 16:02:23"
14578;35.26;0.82;0.0;3903;"2016-04-09 16:02:23"
14579;35.23;0.77;0.0;3837;"2016-04-09 16:02:24"
14580;35.27;0.76;0.0;3837;"2016-04-09 16:02:25"
14581;35.27;0.77;0.0;3837;"2016-04-09 16:02:25"
14582;35.27;0.81;0.0;3837;"2016-04-09 16:02:25"
14583;35.23;0.76;0.0;3837;"2016-04-09 16:02:25"
14584;35.23;0.75;0.0;3837;"2016-04-09 16:02:25"
14585;35.26;0.76;0.0;3822;"2016-04-09 16:02:25"
14586;35.23;0.74;0.0;3822;"2016-04-09 16:02:26"
14587;35.27;0.74;0.0;3822;"2016-04-09 16:02:26"
14588;35.27;0.74;0.0;3867;"2016-04-09 16:02:27"
14589;35.27;0.73;0.0;3891;"2016-04-09 16:02:27"
14590;35.27;0.73;0.0;3891;"2016-04-09 16:02:27"
14591;35.27;0.73;0.0;3891;"2016-04-09 16:02:28"
14592;35.27;0.73;0.0;3891;"2016-04-09 16:02:28"
14593;35.27;0.73;0.0;3891;"2016-04-09 16:02:28"
14594;35.27;0.77;0.0;3891;"2016-04-09 16:02:28"
14595;35.27;0.72;0.0;3891;"2016-04-09 16:02:28"
14596;35.27;0.69;0.0;3843;"2016-04-09 16:02:28"
14597;35.27;0.34;0.0;3843;"2016-04-09 16:02:29"
14598;35.27;0.02;0.0;3843;"2016-04-09 16:02:29"
14599;35.27;0.02;0.0;3843;"2016-04-09 16:02:29"
14600;35.29;0.02;0.0;3552;"2016-04-09 16:02:29"
14601;35.29;0.02;0.0;3552;"2016-04-09 16:02:29"
14602;35.29;0.02;0.0;3552;"2016-04-09 16:02:30"
14603;35.29;0.02;0.0;3552;"2016-04-09 16:02:30"
14604;35.29;0.02;0.0;3552;"2016-04-09 16:02:30"
14605;35.29;0.02;0.0;3552;"2016-04-09 16:02:30"
14606;35.29;0.02;0.0;3552;"2016-04-09 16:02:30"
14607;35.29;0.02;0.0;3018;"2016-04-09 16:02:30"
14608;35.29;0.02;0.0;3018;"2016-04-09 16:02:31"
14609;35.37;1.09;0.0;105;"2016-04-09 16:02:49"
14610;35.37;1.0;0.0;105;"2016-04-09 16:02:49"
14611;35.37;0.86;0.0;105;"2016-04-09 16:02:49"
14612;35.43;0.84;0.0;105;"2016-04-09 16:02:49"
14613;35.43;0.8;0.0;105;"2016-04-09 16:02:49"
14614;35.41;0.82;0.0;597;"2016-04-09 16:02:49"
14615;35.37;0.77;0.0;597;"2016-04-09 16:02:49"
14616;35.37;0.75;0.0;597;"2016-04-09 16:02:49"
14617;35.37;0.73;0.0;597;"2016-04-09 16:02:50"
14618;35.37;0.74;0.0;597;"2016-04-09 16:02:50"
14619;35.37;0.75;0.0;597;"2016-04-09 16:02:50"
14620;35.37;0.75;0.0;597;"2016-04-09 16:02:50"
14621;35.37;0.75;0.0;597;"2016-04-09 16:02:50"
14622;35.37;0.76;0.0;1308;"2016-04-09 16:02:50"
14623;35.37;0.73;0.0;1308;"2016-04-09 16:02:51"
14624;35.37;0.66;0.0;2763;"2016-04-09 16:02:53"
14625;35.37;0.74;0.0;2763;"2016-04-09 16:02:53"
14626;35.37;0.78;0.0;3390;"2016-04-09 16:02:53"
14627;35.45;0.8;0.0;3390;"2016-04-09 16:02:54"
14628;35.45;0.88;0.0;3390;"2016-04-09 16:02:54"
14629;35.45;0.81;0.0;3390;"2016-04-09 16:02:54"
14630;35.45;0.81;0.0;3390;"2016-04-09 16:02:54"
14631;35.43;0.87;0.0;3390;"2016-04-09 16:02:54"
14632;35.44;0.79;0.0;3717;"2016-04-09 16:02:54"
14633;35.37;0.85;0.0;3717;"2016-04-09 16:02:55"
14634;35.43;0.83;0.0;3717;"2016-04-09 16:02:55"
14635;35.38;0.85;0.0;3717;"2016-04-09 16:02:55"
14636;35.39;0.8;0.0;3840;"2016-04-09 16:02:56"
14637;35.37;0.82;0.0;3840;"2016-04-09 16:02:56"
14638;35.37;0.83;0.0;3840;"2016-04-09 16:02:56"
14639;35.44;0.91;0.0;3840;"2016-04-09 16:02:56"
14640;35.37;0.85;0.0;3840;"2016-04-09 16:02:56"
14641;35.37;0.82;0.0;3942;"2016-04-09 16:02:56"
14642;35.39;0.9;0.0;4050;"2016-04-09 16:02:58"
14643;35.45;0.87;0.0;4050;"2016-04-09 16:02:58"
14644;35.43;0.85;0.0;4050;"2016-04-09 16:02:58"
14645;35.43;0.89;0.0;4167;"2016-04-09 16:02:58"
14646;35.45;0.87;0.0;4167;"2016-04-09 16:02:59"
14647;35.45;0.81;0.0;4167;"2016-04-09 16:02:59"
14648;35.45;0.82;0.0;4167;"2016-04-09 16:02:59"
14649;35.45;0.84;0.0;4167;"2016-04-09 16:02:59"
14650;35.43;0.85;0.0;4167;"2016-04-09 16:02:59"
14651;35.45;0.84;0.0;4185;"2016-04-09 16:02:59"
14652;35.45;0.85;0.0;4185;"2016-04-09 16:02:59"
14653;35.43;0.82;0.0;4185;"2016-04-09 16:03:00"
14654;35.51;0.7;0.0;348;"2016-04-09 16:04:30"
14655;35.51;0.7;0.0;348;"2016-04-09 16:04:30"
14656;35.51;0.69;0.0;969;"2016-04-09 16:04:30"
14657;35.51;0.78;0.0;969;"2016-04-09 16:04:31"
14658;35.47;0.81;0.0;969;"2016-04-09 16:04:31"
14659;35.51;0.78;0.0;2580;"2016-04-09 16:04:33"
14660;35.51;0.79;0.0;3324;"2016-04-09 16:04:33"
14661;35.53;0.85;0.0;3324;"2016-04-09 16:04:34"
14662;35.53;0.8;0.0;3324;"2016-04-09 16:04:34"
14663;35.53;0.79;0.0;3324;"2016-04-09 16:04:34"
14664;35.53;0.82;0.0;3324;"2016-04-09 16:04:34"
14665;35.53;0.82;0.0;3324;"2016-04-09 16:04:34"
14666;35.51;0.8;0.0;3861;"2016-04-09 16:04:34"
14667;35.52;0.79;0.0;4182;"2016-04-09 16:04:36"
14668;35.53;0.81;0.0;4137;"2016-04-09 16:04:38"
14669;35.53;0.79;0.0;4137;"2016-04-09 16:04:38"
14670;35.53;0.84;0.0;4137;"2016-04-09 16:04:38"
14671;35.51;0.89;0.0;4137;"2016-04-09 16:04:38"
14672;35.51;0.81;0.0;4212;"2016-04-09 16:04:39"
