current,temp,rpm,vibrAvg,vibrStd,classifier
3.34,30.51,3,654.0161290323,81.3953233582,3
3.27,30.51,126,644.1989247312,87.7111473827,3
3.17,30.51,126,648.2096774194,81.0148938444,3
3.37,30.51,126,655.3924731183,80.7149620866,3
3.24,30.51,126,630.0053763441,88.7482544012,3
3.36,30.47,126,651.4946236559,79.6304804202,3
3.34,30.47,126,662.7258064516,77.5846750792,3
3.35,30.51,126,663.6666666667,77.6241057412,3
3.26,30.51,126,654.6129032258,82.2615854191,3
3.33,30.51,126,658.1720430108,75.7540763169,3
3.24,30.51,126,649.0806451613,85.1558277614,3
3.33,30.51,126,656.9731182796,81.8124285847,3
3.46,30.53,126,648.2849462366,87.5948609558,3
3.21,30.53,126,652.1666666667,80.6201045303,3
3.3,30.57,126,629.4139784946,85.053276272,3
3.31,30.57,126,662.6397849462,75.1965476784,3
3.46,30.59,126,643.1182795699,85.820311086,3
3.27,30.59,126,666.1612903226,75.1159376761,3
3.28,30.59,126,657.688172043,77.3048675587,3
3.54,30.59,327,647.8225806452,75.8764964658,3
3.28,30.59,327,642.9247311828,84.2300659624,3
3.35,30.57,327,662.3655913979,79.6814605798,3
3.35,30.57,327,649.0752688172,87.8903564944,3
3.32,30.57,327,643.3279569892,81.3191969897,3
3.37,30.59,327,656.9086021505,77.3826355948,3
3.36,30.59,327,629.8172043011,86.6522460587,3
3.54,30.59,327,652.9892473118,74.9208894056,3
3.4,30.59,327,667.7956989247,74.7495544835,3
3.33,30.59,327,654.5,79.6925712597,3
3.35,30.59,327,647.3494623656,77.9594009638,3
3.4,30.59,327,670.376344086,72.4962607828,3
3.32,30.59,327,649.9838709677,75.523511671,3
3.36,30.59,327,648.5161290323,80.27280273,3
3.48,30.59,327,656.8010752688,79.506530461,3
3.31,30.59,327,651.7204301075,79.4739919034,3
3.34,30.59,327,671.5,73.8360032528,3
3.39,30.59,327,675.9408602151,72.6178815275,3
3.59,30.59,327,645.6827956989,81.5429923199,3
3.4,30.59,549,647.1935483871,81.3431280103,3
3.29,30.57,549,627.2634408602,84.0621279269,3
3.41,30.57,549,671.1989247312,67.4209868009,3
3.35,30.59,549,653.435483871,81.6658456994,3
3.4,30.59,549,664.9569892473,77.559607875,3
3.36,30.53,549,637.4623655914,83.4044504034,3
3.31,30.59,549,638.1774193548,83.3848167364,3
3.37,30.59,549,656.7419354839,76.3076544908,3
3.31,30.63,549,685.9516129032,60.9195911298,3
3.44,30.63,549,667.1935483871,75.9480946216,3
3.41,30.63,549,633.2311827957,85.538555073,3
3.3,30.63,549,662.9623655914,75.672708414,3
3.49,30.63,549,686.8064516129,57.3999846511,3
3.39,30.63,549,642.0806451613,74.8400369506,3
3.42,30.63,549,631.9623655914,85.9040079603,3
3.34,30.63,549,631.5537634409,80.8288368896,3
3.34,30.65,549,684.3548387097,65.6665812719,3
3.35,30.64,549,641.0913978495,84.9856865316,3
3.36,30.63,549,640.247311828,80.2805773206,3
3.37,30.65,768,656.4193548387,79.2781712869,3
3.37,30.65,768,641.5806451613,83.2832738995,3
3.4,30.63,768,653.2795698925,78.1819446185,3
3.3,30.63,768,684.7311827957,63.1572776155,3
3.4,30.63,768,651.9946236559,83.1511447565,3
3.4,30.6,768,664.5752688172,82.2618245328,3
3.4,30.59,768,644.2903225806,86.9831377362,3
3.39,30.63,768,675.0806451613,69.9065347724,3
3.37,30.63,768,676.2419354839,70.4495592034,3
3.49,30.65,768,672.9408602151,67.6809541618,3
3.41,30.65,768,622.4946236559,84.6534521466,3
3.42,30.65,768,685.5698924731,63.7497455781,3
3.36,30.65,768,664.8225806452,79.6062603971,3
3.43,30.65,768,652.3064516129,83.3768982553,3
3.4,30.65,768,643.747311828,86.2474286248,3
3.46,30.65,768,641.2580645161,87.2459018017,3
3.49,30.65,768,636.0913978495,81.2665019218,3
3.49,30.65,768,682.1989247312,69.6587550088,3
3.36,30.65,768,641.564516129,84.1623407535,3
3.43,30.65,990,622.9462365591,83.6063311889,3
3.55,30.67,990,662.7849462366,71.8541457955,3
3.54,30.71,990,658.4032258065,74.219695603,3
3.38,30.71,990,648.1075268817,70.3164066212,3
3.57,30.67,990,645.7956989247,67.0756368346,3
3.46,30.67,990,648.0591397849,75.3808377244,3
3.49,30.68,990,679.9784946237,51.164078985,3
3.45,30.71,1086,650.2580645161,68.3544530529,3
3.51,30.67,1086,651.1827956989,59.4236559529,3
3.51,30.71,1086,661.2365591398,62.3731224596,3
3.4,30.71,1086,639.3387096774,63.1368057752,3
3.44,30.71,1086,653.0483870968,53.9597901127,3
3.47,30.71,1113,667.7688172043,61.4294358331,3
3.5,30.77,1113,635.0752688172,58.2450766869,3
3.4,30.77,1113,666.2580645161,54.6399560812,3
3.39,30.81,1116,650.7096774194,62.5059275718,3
3.44,30.85,1116,670.0860215054,57.4101740476,3
3.44,30.81,1116,651.3225806452,65.682465425,3
3.41,30.84,1110,672.6505376344,53.3243415612,3
3.44,30.81,1110,657.9946236559,62.5835782947,3
3.46,30.82,1110,643.3225806452,66.3984650183,3
3.44,30.81,1110,657.0806451613,73.2299291862,3
3.41,30.85,1110,657.6075268817,76.6687593028,3
3.4,30.87,1113,669.5322580645,70.0367148897,3
3.48,30.91,1113,669.5430107527,67.6580648665,3
3.39,30.87,1113,632.3870967742,81.9439924462,3
3.37,30.91,1113,633.6612903226,79.2337518125,3
3.42,30.93,1110,642.9247311828,82.0089473953,3
3.36,30.97,1110,642.1666666667,80.7857192657,3
3.42,30.93,1110,656.3064516129,79.747974399,3
3.4,30.95,1110,669.876344086,73.3985348918,3
3.4,30.97,1110,659.6666666667,78.7723456378,3
3.4,30.97,1110,643.0698924731,80.5412500803,3
3.38,30.97,1110,646.0107526882,82.8106396239,3
3.38,30.93,1110,667.6559139785,77.9530455065,3
3.5,30.93,1110,651.435483871,77.4779790361,3
3.39,30.97,1110,645.3440860215,82.8862408162,3
3.42,30.97,1110,646.9516129032,84.0632942707,3
3.4,30.97,1110,665.0752688172,78.564710204,3
3.42,30.99,1110,660.6827956989,77.3009857129,3
3.52,30.93,1107,664.064516129,71.6360734579,3
3.42,31.01,1107,661.3440860215,76.8740758663,3
3.45,31.01,1107,661.7150537634,85.7517013797,3
3.49,31.01,1107,649.8279569892,83.4716645833,3
3.43,31.01,1107,658.5053763441,78.54956981,3
3.52,31,1107,660.0967741935,87.2860905442,3
3.44,30.99,1107,672.2150537634,72.2503636129,3
3.47,31.01,1107,648.8548387097,85.5132851606,3
3.37,31.01,1107,640.3387096774,77.8190505634,3
3.45,30.99,1107,632.4301075269,87.5034743211,3
3.44,30.99,1107,661.1989247312,77.0274926406,3
3.42,31.01,1107,651.3279569892,80.192945907,3
3.41,31.05,1107,677.6182795699,70.9957555088,3
3.5,31.05,1107,642.1075268817,77.954627328,3
3.34,31.07,1101,662.9462365591,81.6998000276,3
3.39,31.13,1101,631.935483871,85.3228916392,3
3.46,31.13,1101,661.2311827957,78.8507184611,3
3.37,31.13,1101,662.3548387097,77.569690506,3
3.45,31.13,1107,648.6182795699,82.1382881215,3
3.54,31.13,1107,640.3494623656,83.3901403672,3
3.45,31.15,1107,640.6827956989,85.8694396846,3
3.44,31.19,1107,659.0698924731,85.2880663096,3
3.47,31.15,1110,642.4784946237,81.4050807501,3
3.66,31.19,1110,624.1290322581,85.4616465328,3
3.46,31.19,1110,644.9946236559,84.4335010534,3
3.54,31.19,1110,666.3817204301,74.158718839,3
3.46,31.25,1110,655.3387096774,83.4970755167,3
3.46,31.27,1110,636.8494623656,85.4789097093,3
3.44,31.27,1110,654.2688172043,85.6893789964,3
3.47,31.25,1107,645.2634408602,84.2885498224,3
3.58,31.27,1107,644.2204301075,83.2008827744,3
3.49,31.27,1107,654.9892473118,82.7400378467,3
3.42,31.33,1107,664.3010752688,71.7005098805,3
3.45,31.29,1107,629.7204301075,84.4505792479,3
3.51,31.29,1107,638.752688172,87.7018600499,3
3.54,31.33,1107,655.4139784946,80.2022686127,3
3.57,31.27,1107,654.5806451613,81.2744352114,3
3.49,31.39,1104,655.2849462366,84.4260794522,3
3.56,31.39,1104,659.688172043,76.7551586294,3
3.43,31.39,1104,651.1397849462,80.9876655148,3
3.51,31.43,1092,661.9247311828,75.3528240881,3
3.52,31.43,1092,639.6344086022,84.3429105378,3
3.48,31.43,1092,647.0161290323,81.3334088537,3
3.47,31.47,1092,669.5,71.2387512343,3
3.72,31.47,1092,666.9247311828,79.215812009,3
3.54,31.49,1092,656.5268817204,81.8381685799,3
3.68,31.49,1092,696.5,49.4830534693,3
3.55,31.55,1095,645.8978494624,88.4920584232,3
3.5,31.53,1095,657.5967741935,76.9427506092,3
3.5,31.54,1098,658.2043010753,81.3534779133,3
3.53,31.53,1098,639.6666666667,83.9419068618,3
3.5,31.55,1098,663.623655914,79.6513793735,3
3.45,31.55,1098,647.2903225806,82.5830413799,3
3.55,31.57,1098,670.4193548387,71.0410032412,3
3.47,31.61,1098,655.564516129,78.971334319,3
3.56,31.57,1104,663.9569892473,83.0419526023,3
3.53,31.57,1104,648.064516129,86.1589312205,3
3.47,31.61,1104,654.9838709677,84.0969407219,3
3.46,31.61,1104,656.8064516129,78.5677925291,3
3.59,31.67,1104,642.5591397849,89.7559968782,3
3.45,31.63,1104,658.0376344086,81.1428693744,3
3.5,31.67,1104,665.0698924731,77.939599284,3
3.48,31.69,1098,649.5,81.1884340775,3
3.47,31.67,1098,664.9731182796,82.9475435218,3
3.52,31.67,1098,646.8817204301,84.9365163896,3
3.42,31.67,1098,628.6774193548,90.5126571426,3
3.43,31.67,1098,658.1182795699,78.1758218903,3
3.43,31.69,1098,664.8440860215,78.7809157098,3
3.44,31.71,1098,630.3817204301,82.3075107905,3
3.42,31.71,1098,647.623655914,87.306703727,3
3.42,31.81,1104,664.5806451613,82.0539846661,3
3.58,31.81,1104,645.376344086,89.4353150016,3
3.56,31.81,1104,636.3978494624,83.0944714056,3
3.4,31.77,1104,645.9731182796,84.3427105668,3
3.55,31.81,1104,633.6720430108,88.646907248,3
3.44,31.81,1104,649.2419354839,89.4720510486,3
3.45,31.77,1104,653.2096774194,84.9109850974,3
3.52,31.81,1113,640.4086021505,83.1086523657,3
3.5,31.81,1113,642.252688172,83.9385695644,3
3.54,31.81,1113,644.6290322581,82.1752455736,3
3.57,31.91,1122,638.9784946237,89.9238002984,3
3.57,31.89,1122,657.6827956989,84.9889393482,3
3.49,31.89,1122,645,85.8332967951,3
3.44,31.91,1125,678.4892473118,64.7703336485,3
3.54,31.91,1125,673.4247311828,69.3519714753,3
3.41,31.97,1116,646.3440860215,83.7351167483,3
3.45,31.95,1116,667.5322580645,71.5090153897,3
3.58,31.97,1116,655.1182795699,85.9094108358,3
3.45,31.99,1116,650.3494623656,86.7211662269,3
3.6,31.99,1113,654.6827956989,81.8486107418,3
3.46,31.99,1113,654.3279569892,79.7224686905,3
3.59,32.03,1107,662.1344086022,87.6316717364,3
3.47,32.03,1107,651.5161290323,80.8948092894,3
3.57,32.03,1107,624.7419354839,83.00147728,3
3.47,32.09,1110,656.7903225806,84.8733028741,3
3.57,32.09,1110,658.2688172043,77.7599891291,3
3.47,32.09,1110,642.6075268817,81.2224593344,3
3.53,32.09,1101,656.4838709677,85.0963543567,3
3.49,32.11,1101,693.1935483871,52.122634149,3
3.5,32.13,1098,640.2365591398,81.6395036481,3
3.49,32.13,1098,639.6827956989,86.8433357998,3
3.51,32.17,1098,668.6021505376,81.0414920657,3
3.51,32.17,1098,649.2903225806,85.3392446682,3
3.55,32.13,1098,664.2849462366,83.95735918,3
3.53,32.17,1095,638.2150537634,89.7678426823,3
3.54,32.17,1095,632.1075268817,87.0138367894,3
3.49,32.19,1095,646.9731182796,86.6349052303,3
3.61,32.19,1095,649.5268817204,86.2638602107,3
3.6,32.19,1095,678.7258064516,66.5978549224,3
3.44,32.19,1095,638.0806451613,86.375455442,3
3.45,32.2,1092,640.123655914,87.8366689267,3
3.48,32.21,1092,670.9139784946,75.286500227,3
3.62,32.25,1092,669.1989247312,71.0426057152,3
3.62,32.25,1092,624.6129032258,89.6433833453,3
3.53,32.27,1089,657.3548387097,83.3515866239,3
3.46,32.06,1089,636.2795698925,90.900851764,3
3.59,32.33,1089,665.1989247312,81.7286896293,3
3.46,32.35,1089,647.0698924731,87.6785456831,3
3.61,32.35,1089,650.5,88.7182473866,3
3.46,32.35,1089,640.9462365591,86.6123939567,3
3.58,32.35,1089,669.1129032258,75.7425119274,3
3.53,32.35,1089,659.9516129032,83.2045854207,3
3.59,32.39,1089,648.5107526882,89.1991995267,3
3.7,32.35,1089,645.2580645161,89.3829989398,3
3.65,32.39,1089,669.2150537634,80.7387729087,3
3.53,32.39,1089,620.7419354839,96.1883125292,3
3.67,32.39,1089,661.9623655914,83.7251242645,3
3.56,32.41,1089,654.9946236559,86.0589631147,3
3.5,32.45,1089,643.3548387097,84.0892568748,3
3.51,32.45,1089,658.6612903226,84.3557387028,3
3.5,32.45,1089,652.8709677419,87.576538053,3
3.62,32.45,1089,662.7688172043,83.344893579,3
3.49,32.45,1089,638.9838709677,86.1460672413,3
3.64,32.45,1089,633.4086021505,90.4770197829,3
3.63,32.45,1086,632.3602150538,85.8303799134,3
3.54,32.41,1086,660.9193548387,82.173295453,3
3.67,32.45,1086,669.8064516129,69.9889788658,3
3.51,32.47,1086,675.247311828,78.3038135978,3
3.55,32.49,1089,638.7365591398,91.9265161004,3
3.59,32.55,1083,643.0430107527,85.8193794665,3
3.57,32.61,1083,655.7419354839,83.707234721,3
3.56,32.6,1083,655.9462365591,78.9690106078,3
3.53,32.61,1083,640.8010752688,92.5786976991,3
3.48,32.61,1086,669.5268817204,75.2563491978,3
3.65,32.61,1086,630.5967741935,93.5113344307,3
3.49,32.63,1089,620.4892473118,88.9291272268,3
3.51,32.67,1089,682.9462365591,61.8456917061,3
3.5,32.67,1089,643.5,89.5435407996,3
3.63,32.67,1089,649.5268817204,94.63280381,3
3.64,32.67,1089,672.7365591398,78.4862186176,3
3.55,32.63,1089,647.9032258065,80.4376556173,3
3.6,32.67,1089,633.6774193548,84.6730157585,3
3.5,32.69,1089,665.9892473118,79.0534723923,3
3.62,32.71,1089,655.5053763441,89.2785448652,3
3.64,32.75,1089,640.4946236559,89.503483882,3
3.61,32.77,1092,639.0913978495,88.3241052058,3
3.49,32.77,1092,674.1827956989,70.5583638895,3
3.56,32.81,1092,650.9462365591,78.4454286848,3
3.56,32.77,1092,647.623655914,87.8466300329,3
3.58,32.77,1092,655.3494623656,83.6222395737,3
3.58,32.77,1092,648.5698924731,86.7407331792,3
3.51,32.81,1092,630.9623655914,87.982303223,3
3.73,32.83,1092,653.5967741935,94.3585804791,3
3.52,32.83,1086,653.8817204301,90.1510500016,3
3.59,32.81,1086,646.5161290323,89.3061802222,3
3.67,32.81,1089,652.1129032258,77.2259855506,3
3.52,32.83,1089,683.3978494624,62.0070477758,3
3.59,32.81,1089,662.6451612903,85.3264629074,3
3.49,32.81,1089,617.1827956989,90.9265266707,3
3.67,32.81,1089,668.7634408602,76.4970865774,3
3.56,32.85,1092,653.2634408602,85.1087884283,3
3.68,32.85,1092,629.7043010753,94.299361352,3
3.73,32.85,1092,659.4623655914,81.0954646704,3
3.56,32.85,1095,665.7431693989,93.4344961794,3
0.02,26.91,120,657.1083333333,0.6027137703,0
0.02,26.91,120,657.0333333333,0.6359594676,0
0.02,26.91,120,657.0444444444,0.6038968107,0
0.02,26.93,120,657.125,0.6777720856,0
0.02,26.93,114,657.0055555556,0.5868676003,0
0.02,26.91,114,657.225,0.5596998203,0
0.02,26.93,114,655.9111111111,22.8374178558,0
0.02,26.93,114,658.3583333333,47.449762176,0
0.02,26.91,114,651.1111111111,55.4377417458,0
0.02,26.91,114,660.4722222222,63.3059529021,0
0.02,26.93,114,675.775,57.9159058703,0
0.02,26.93,114,672.0611111111,60.7424127762,0
0.02,26.93,114,639.4694444444,75.077213289,0
0.02,26.93,114,660.7111111111,67.3564720052,0
0.02,26.93,114,654.4361111111,68.7874045834,0
0.02,26.93,114,645.7388888889,77.494076038,0
0.02,26.93,114,663.0833333333,67.6470722862,0
0.02,26.93,114,646.6638888889,80.5379884581,0
0.02,26.93,42,641.5305555556,89.0951374139,0
0.02,26.93,42,654.0194444444,86.9140198365,0
0.02,26.97,42,643.8222222222,91.4853148844,0
0.02,26.93,42,676.0861111111,75.1534417515,0
0.02,26.93,42,631.5138888889,89.3654160449,0
0.02,26.93,42,654.5527777778,83.1758678481,0
0.02,26.93,42,629.9444444444,91.3178650054,0
0.02,26.91,42,641.4416666667,89.1210907667,0
0.02,26.93,42,646.3027777778,90.7366763593,0
0.02,26.95,42,649.5944444444,94.8921432892,0
0.02,26.93,0,652.0222222222,86.1612155307,0
0.02,26.93,0,660.2305555556,94.1281021901,0
0.02,26.93,0,665.4138888889,83.8743327603,0
2.25,26.93,0,645.7916666667,94.6019346613,3
2.4,26.93,0,633.6944444444,94.5632120872,3
2.54,26.93,0,649.8638888889,93.9392878784,3
2.69,26.97,0,657.1888888889,95.6296844249,3
3.12,26.97,66,637.4888888889,105.1879264771,3
3.14,26.97,207,645.5805555556,107.0582352415,3
2.95,26.99,366,649.0666666667,113.4678662295,3
3.01,26.99,366,655.9055555556,106.9357126305,3
3.22,27.03,543,638.6888888889,112.8122476058,3
3.22,27.05,543,631.8083333333,113.5788734145,3
3.17,27.05,543,639.5388888889,112.8948312904,3
3.25,27.09,747,681.3166666667,74.5115930577,3
3.34,27.15,747,651.0583333333,105.6901626743,3
3.47,27.15,927,635.9555555556,116.4340214801,3
3.38,27.15,927,635.85,107.2534368784,3
3.36,27.17,927,652.7638888889,105.690125295,3
3.55,27.21,927,650.2444444444,99.911773426,3
3.46,27.21,1062,655.6944444444,105.2560421714,3
3.57,27.17,1062,634.275,115.9655812803,3
3.58,27.18,1062,641.5583333333,103.9028228549,3
3.46,27.21,1062,645.6833333333,102.1016364544,3
3.58,27.23,1200,654.8694444444,95.0999308314,3
3.75,27.31,1509,647.525,104.6219619896,3
3.66,27.31,1509,657.5583333333,97.1198683043,3
3.74,27.35,1509,650.5944444444,98.1812494671,3
3.77,27.37,1509,653.3138888889,100.4177597528,3
3.73,27.41,1671,667.2861111111,98.3008637149,3
3.77,27.41,1671,666.1361111111,91.1243401219,3
3.71,27.41,1671,648.8555555556,98.0489459529,3
3.8,27.41,1671,654.4111111111,90.5581328877,3
3.93,27.46,2052,641.3472222222,86.3491233505,3
3.99,27.47,2052,647.3083333333,90.7154399299,3
4.11,27.47,2052,652.1611111111,84.310844425,3
4.02,27.59,2586,648.2277777778,77.3371644565,3
4.13,27.64,2901,652.3638888889,82.1086226788,3
4.16,27.63,2901,631.5805555556,97.8279337506,3
4.27,27.84,3855,644.2416666667,102.399923706,3
4.34,27.87,4134,649.0027777778,98.3385732675,3
4.3,27.87,4134,643.5638888889,98.5046605011,3
4.23,27.91,4134,647.5416666667,93.6800906009,3
4.54,27.93,4425,637.5638888889,107.5856833019,3
4.42,27.93,4425,625.6083333333,107.0761641569,3
4.51,27.93,4425,661.4083333333,94.0199590956,3
4.37,27.95,4425,638.5861111111,107.9733677368,3
4.35,28.08,4998,653.3777777778,96.7970187532,3
4.52,28.25,5004,644.4694444444,102.2470274478,3
4.41,28.31,4893,668.0444444444,85.6420407032,3
4.5,28.43,4260,626.0611111111,113.9840955713,3
4.53,28.39,4260,642.9138888889,106.7359713727,3
4.45,28.45,4260,653.3888888889,105.3455366817,3
4.5,28.45,4260,663.9944444444,95.9211190523,3
4.44,28.45,4260,640.9444444444,115.8294830162,3
4.43,28.43,3780,645.7555555556,104.6544909172,3
4.38,28.43,3780,670.3555555556,86.6605204373,3
4.38,28.47,3780,649.5416666667,105.8166571507,3
4.34,28.47,3780,636.7694444444,105.7354910442,3
4.29,28.51,3780,647.2361111111,105.6131164328,3
4.25,28.53,3780,652.3,101.306076378,3
4.27,28.51,3189,648.6638888889,105.6548406967,3
4.18,28.53,3189,653.2833333333,101.261393049,3
4.21,28.53,3189,647.6805555556,104.8692077448,3
4.14,28.53,3189,627.6916666667,108.3748481352,3
3.93,28.59,2562,631.8277777778,108.5675330308,3
4.25,28.69,1953,641.7,107.3900678213,3
4.43,28.75,1689,634.6833333333,111.9816688868,3
4.33,28.71,1689,664.0027777778,98.4426651692,3
4.53,28.75,1689,628.3111111111,109.2080984425,3
4.47,28.78,1689,639.0611111111,107.0036429229,3
4.45,28.79,1689,616.5583333333,114.1925612361,3
4.54,28.79,1719,653.8888888889,105.4044796059,3
4.43,28.79,1719,651.0444444444,104.6846493163,3
4.45,28.79,1719,633.4972222222,105.1633121127,3
4.4,28.79,1719,661.4416666667,93.2021216825,3
4.41,28.83,2007,663.4972222222,99.459092613,3
4.43,28.85,2007,663.0055555556,88.8666602414,3
4.46,28.85,2007,651.725,97.3929009362,3
4.49,28.85,2493,659.2666666667,89.8536526185,3
4.48,28.91,2493,656.3444444444,82.4684331677,3
4.34,28.95,2493,657.4055555556,82.4460562511,3
4.2,28.95,2493,636.1138888889,90.7197811725,3
4.22,29.02,3966,639.8777777778,87.8096524405,3
4.21,29.04,4440,635.825,91.9853245391,3
4.25,29.05,4440,651.5805555556,98.6970063698,3
4.26,29.03,4440,633.7666666667,106.0202601183,3
4.35,29.03,4440,634.1194444444,109.6959670064,3
4.4,29.09,4440,650.2611111111,103.0272544248,3
4.22,29.09,4440,657.3583333333,106.8724418147,3
4.2,29.09,4440,663.8027777778,100.754721384,3
4.34,29.09,4440,637.9722222222,106.6239722137,3
4.22,29.09,4785,655.1944444444,100.5026311,3
4.29,29.09,4785,648.8722222222,103.188206182,3
4.39,29.09,4785,660.8138888889,102.3716069924,3
4.35,29.09,4785,653.8888888889,95.1314814635,3
4.18,29.09,4785,653.5361111111,101.9472294125,3
4.29,29.09,4785,642.4416666667,98.6122706896,3
4.31,29.09,4785,627.0472222222,105.7950087725,3
4.25,29.09,4785,655.5833333333,95.5686707731,3
4.32,29.09,4785,670.8722222222,82.6530251215,3
4.29,29.09,4785,665.2833333333,86.4721711818,3
4.15,29.09,4785,676.2722222222,77.5849234034,3
4.29,29.09,4785,661.9916666667,93.3611115657,3
4.35,29.09,4785,653.375,92.117540337,3
1.53,35.37,0,676.3139534884,28.7701105779,0
1.33,35.39,99,670.5,28.1335753507,2
1.13,35.39,99,676.0271317829,24.5570692768,2
0.98,35.43,99,675.3100775194,24.315369322,2
0.9,35.39,672,674.3178294574,21.5586398789,2
0.84,35.39,672,678.4108527132,27.0036208893,2
0.8,35.39,1407,677.6085271318,22.3212504547,2
0.81,35.39,1407,676.5542635659,24.9672452332,2
0.88,35.43,2187,677.4612403101,17.6795454451,2
0.8,35.39,2187,676.6356589147,23.0718251562,2
1.03,35.43,3018,674.4496124031,25.0367052221,2
0.92,35.38,3018,677.8023255814,21.5310231023,2
0.79,35.43,3720,675.6511627907,25.89757738,2
1.13,35.39,4044,676.503875969,19.2557749441,2
1.15,35.43,4080,679.996124031,18.2067152749,2
1.15,35.43,4080,675.3139534884,34.1401335678,2
1.14,35.4,4080,675.511627907,32.7694829388,2
1.16,35.43,4095,674.5465116279,25.9770278555,2
1.19,35.43,4134,673.6589147287,23.0659640943,2
1.17,35.43,4134,673.1899224806,25.6917998711,2
1.16,35.43,4134,670.992248062,29.0160330243,2
1.27,35.43,4161,678.5852713178,29.7717820742,2
1.18,35.43,4161,675.0503875969,32.5045223426,2
1.18,35.43,4161,674.0503875969,30.7653248484,2
1.2,35.43,4161,676.8178294574,36.1344623875,2
1.19,35.43,4170,673.8643410853,30.9025883827,2
1.18,35.43,4170,676.1666666667,29.3843702412,2
1.19,35.43,4170,672.8953488372,37.0764020742,2
1.17,35.43,4170,671.1705426357,35.4181278927,2
1.18,35.43,4230,673.5348837209,30.9187598936,2
1.19,35.45,4254,675.1356589147,30.0881297217,2
1.2,35.45,4254,676.4496124031,32.6699400133,2
1.19,35.45,4254,674.003875969,32.7651377007,2
1.2,35.43,4302,677.7286821705,28.4348165061,2
1.2,35.47,4302,676.3953488372,31.8158262516,2
1.2,35.45,4302,677.6821705426,30.4013169075,2
1.19,35.45,4446,673.2558139535,33.2155933937,2
1.17,35.45,4446,673.7751937985,33.5844972334,2
1.27,35.43,4446,674.6434108527,31.353646339,2
1.18,35.43,4467,673.5310077519,32.0100669689,2
1.2,35.53,4458,672.7829457364,30.9699682589,2
1.23,35.55,4458,676.8604651163,30.8774130805,2
1.27,35.53,4389,672.9224806202,30.5603006406,2
1.13,35.55,4389,675.511627907,31.7618600882,2
1.02,35.53,4389,673.7480620155,35.8951219954,2
1,35.59,4389,669.0968992248,30.7006412023,2
1.48,35.55,4314,678.2674418605,32.713612042,2
1.12,35.61,4314,676.3294573643,29.8402072626,2
1.03,35.61,4314,676.4186046512,30.8282810043,2
1.08,35.59,4284,675.0387596899,30.9291270615,2
1.07,35.59,4284,675.2170542636,32.1775503715,2
1.08,35.59,4284,676.6124031008,32.0287685793,2
1.08,35.61,4284,671.4534883721,31.6366202943,2
1.13,35.59,4284,682.0310077519,35.1649354035,2
1.07,35.59,4284,677.2945736434,31.5990881776,2
1.08,35.59,4284,674.7674418605,33.0759079113,2
1.08,35.59,4284,677.1279069767,34.3928951486,2
1.05,35.61,4284,672.484496124,31.5095923616,2
1.07,35.61,4284,679.1162790698,33.7574861998,2
1.1,35.61,4284,672.511627907,33.3925713038,2
1.11,35.61,4284,673.3953488372,34.3370025746,2
1.05,35.59,4284,680.6666666667,34.3453354502,2
1.06,35.59,4284,675.2596899225,32.6580593455,2
1.08,35.59,4284,673.4341085271,31.7454373115,2
1.09,35.59,4284,676.996124031,32.5651997236,2
1.1,35.59,4266,678.4573643411,32.7427150906,2
1.1,35.61,4266,672.7751937985,37.8066768046,2
1.11,35.61,4266,675.523255814,33.3474985676,2
1.1,35.59,4266,675.7364341085,31.8949388174,2
1.17,35.59,4266,674.6705426357,32.3537254558,2
1.12,35.59,4266,677.9031007752,33.9869205074,2
1.09,35.59,4266,675.0775193798,33.5609158996,2
1.09,35.61,4266,674.5503875969,34.3904757954,2
1.08,35.61,4266,675.3682170543,34.6941240797,2
1.1,35.61,4266,678.7441860465,36.9935630415,2
1.16,35.6,4266,676.4689922481,32.6748280387,2
1.15,35.59,4266,678.011627907,29.486888764,2
1.13,35.59,4266,674.5348837209,34.7237261137,2
1.1,35.59,4266,670.8992248062,36.2003137083,2
1.14,35.59,4266,676.9263565891,33.7479026495,2
1.1,35.59,4266,673.2131782946,35.5529561999,2
1.07,35.59,4266,672.480620155,28.1427977693,2
1.09,35.61,4266,673.5,34.3941190664,2
1.1,35.61,4266,674.2984496124,46.9602346779,2
1.14,35.59,4275,672.1976744186,47.2008293271,2
1.08,35.59,4275,675.2674418605,35.2446898805,2
1.1,35.59,4275,674.4263565891,36.5938901144,2
1.12,35.59,4275,674.7829457364,34.161826749,2
1.13,35.59,4275,678.0102389079,32.9973092958,2
0.94,34.17,261,675.3038461538,16.2489048334,1
0.98,34.15,261,669.9307692308,16.4355096158,1
0.85,34.15,261,674.0115384615,15.2177736905,1
0.82,34.13,261,673.0461538462,17.2367503356,1
0.91,34.15,777,677.8384615385,16.6653965986,1
0.81,34.15,777,675.8884615385,17.0672612134,1
0.83,34.14,777,672.3384615385,15.7751283531,1
0.78,34.17,1356,673.8961538462,15.2121151306,1
0.82,34.15,1356,670.1615384615,18.2985093324,1
0.78,34.13,1356,671.9576923077,19.9538443005,1
0.86,34.15,1965,673.4192307692,16.0299363987,1
0.88,34.21,1965,678.8653846154,13.7421709825,1
0.8,34.17,2562,672.2346153846,17.7016609892,1
0.77,34.17,2562,673.8230769231,14.3231740061,1
0.77,34.17,2562,672.4615384615,17.1942091532,1
0.76,34.21,2901,673.3769230769,19.6634238292,1
0.8,34.21,2901,674.7076923077,18.1673613316,1
0.79,34.21,2901,673.6730769231,19.3143242518,1
0.8,34.23,2901,677.0538461538,15.1237518435,1
0.83,34.21,2985,674.4307692308,17.8115945218,1
0.85,34.24,2985,673.5692307692,22.3265755621,1
0.87,34.23,2985,673.6576923077,19.7383397532,1
0.79,34.22,2985,672.1692307692,18.6667695123,1
0.79,34.25,3012,675.3384615385,18.1233185305,1
0.79,34.21,3012,677.2923076923,17.2104378677,1
0.77,34.21,3012,673.9307692308,20.0444461756,1
0.78,34.23,3012,672.7538461538,19.8345314806,1
0.82,34.23,3009,671.2884615385,19.332253379,1
0.8,34.21,3009,676.7692307692,17.2782827056,1
0.81,34.23,3009,674.9076923077,17.4126153003,1
0.77,34.23,3009,675.0076923077,20.0533888001,1
0.91,34.23,3009,674.3461538462,22.5934679255,1
0.87,34.29,3009,675.7307692308,18.9697282984,1
0.87,34.25,3003,672.5,26.2888540289,1
0.83,34.25,3003,673.3461538462,23.1539036544,1
0.75,34.25,3003,671.9192307692,24.6932958705,1
0.77,34.25,3009,675.3423076923,19.2929375894,1
0.91,34.29,3009,673.25,22.1233213183,1
0.87,34.25,3009,670.9230769231,17.4376318896,1
0.96,34.23,3024,674.6384615385,24.0721683681,1
0.89,34.23,3024,670.5384615385,23.31891073,1
0.87,34.23,3024,671.8230769231,25.1949217669,1
0.95,34.25,3024,673.0153846154,25.6293055266,1
0.97,34.26,3024,672.9269230769,29.3945057359,1
0.87,34.25,3024,673.6692307692,27.2747808174,1
0.94,34.23,3024,671.0384615385,29.3657057561,1
0.9,34.25,3024,674.2384615385,24.1488346099,1
0.94,34.23,3024,672.2461538462,25.6027527181,1
0.9,34.25,3024,675.9615384615,30.1884857944,1
0.98,34.25,3024,671.3461538462,27.6752351219,1
0.9,34.25,3024,672.0076923077,28.4103166944,1
0.99,34.31,3024,673.6153846154,25.4101386838,1
0.97,34.29,3024,674.2538461538,30.0770322642,1
0.93,34.29,3024,672.6192307692,29.4777167369,1
0.86,34.31,3024,675.7461538462,32.2948701662,1
0.89,34.31,3024,672.5538461538,27.8371808747,1
0.88,34.31,3030,675.6192307692,25.9810066606,1
0.87,34.31,3030,671.5461538462,24.3803551241,1
0.9,34.29,3030,674.2730769231,29.6294819095,1
0.92,34.31,3021,677.3346153846,25.6898579555,1
0.9,34.3,3015,672.6846153846,24.4928669727,1
0.9,34.34,3015,674.3038461538,28.9660939823,1
0.96,34.33,3015,674.7307692308,25.6883057685,1
0.93,34.33,3015,674.5769230769,26.3534745584,1
0.9,34.33,3012,674.1076923077,27.37074411,1
0.94,34.33,3012,670.0884615385,27.6748264802,1
0.94,34.33,3012,669.0807692308,28.4647760633,1
0.91,34.33,3012,675.1,27.1345224335,1
0.89,34.31,3012,673.9769230769,29.2536560199,1
0.86,34.33,3006,675.7269230769,27.9489652718,1
0.88,34.33,3006,671.1615384615,24.3600567911,1
0.89,34.33,3006,669.8807692308,26.6690041813,1
0.86,34.33,3018,671.8730769231,26.6724296965,1
0.93,34.33,3018,674.1461538462,26.428600923,1
0.91,34.37,3018,675.8153846154,27.0463376208,1
0.93,34.33,3018,678.1192307692,23.9970594229,1
0.85,34.33,3018,672.4269230769,24.2424938057,1
0.86,34.33,3027,675.8769230769,26.3505992881,1
0.87,34.33,3027,672.1615384615,24.4226577796,1
0.86,34.33,3027,673.9961538462,28.1873536942,1
0.88,34.33,3027,673.5884615385,27.2073919102,1
0.85,34.34,3027,673.1461538462,24.8291427835,1
0.86,34.31,3027,674.0692307692,23.936675581,1
0.96,34.33,3027,677.6038461538,27.5834535235,1
0.91,34.31,3018,671.6730769231,23.1378154958,1
0.83,34.37,3018,677.6692307692,22.3513511763,1
0.85,34.37,3018,673.2769230769,28.6671925552,1
0.83,34.39,3018,675.5269230769,27.9872781221,1
0.91,34.39,3018,673.2076923077,32.5200993834,1
0.82,34.37,3018,672.9769230769,38.069160825,1
0.87,34.36,3018,672.8423076923,34.5508841374,1
0.85,34.33,3018,676.1730769231,36.2949038348,1
0.85,34.33,3027,672.1769230769,38.9316887706,1
0.85,34.33,3027,672.7846153846,36.858875273,1
0.89,34.31,3027,673.3653846154,33.3082507947,1
0.9,34.37,3027,674.7961538462,27.0292004601,1
0.82,34.37,3027,672.8423076923,24.1645428911,1
1.23,34.33,3042,673.9038461538,22.306656143,1
1.25,34.33,3042,673.8076923077,21.9471729926,1
0.89,34.37,3042,674.6961538462,22.6431341397,1
0.9,34.37,3042,672.3076923077,24.257067536,1
0.85,34.33,3048,670.8461538462,21.2184468142,1
0.85,34.33,3048,668.7692307692,24.304649274,1
0.77,34.37,3048,670.9730769231,24.1717262948,1
0.8,34.37,3048,677.7076923077,23.2506232022,1
0.9,34.37,3057,673.6038461538,23.2447013113,1
0.82,34.39,3057,673.3807692308,26.0794130307,1
0.83,34.37,3057,672.8846153846,20.502020394,1
0.8,34.39,3063,675.3730769231,19.0812847836,1
0.81,34.39,3063,674.0692307692,20.4945352797,1
0.76,34.43,3063,674.7,21.5927872573,1
0.8,34.43,3063,675.8115384615,25.4103072201,1
0.77,34.39,3063,675.2692307692,23.5882266792,1
0.83,34.39,3063,677.2307692308,17.1127655732,1
0.79,34.39,3063,666.5576923077,23.2465162498,1
0.79,34.4,3063,674.5269230769,21.6666006295,1
0.79,34.43,3063,680.2423076923,22.845781854,1
0.78,34.37,3063,673.6730769231,21.4828385478,1
0.8,34.43,3063,670.2730769231,20.9429271647,1
0.77,34.43,3042,680.2692307692,13.2431628,1
0.78,34.39,3042,677.1884615385,20.5549699572,1
0.79,34.39,3042,674.4884615385,21.206762835,1
0.81,34.45,3042,671.5923076923,21.6081167634,1
0.84,34.45,3033,673.5923076923,22.9035422702,1
0.83,34.39,3033,674.8307692308,22.6836567604,1
0.8,34.45,3015,671.8615384615,39.2389629452,1
0.86,34.45,3015,671.1576923077,30.5625798483,1
0.78,34.45,3015,677.2230769231,17.8654222903,1
0.83,34.45,3030,672.2538461538,23.1926087492,1
0.79,34.45,3030,674.5115384615,18.4341828578,1
0.82,34.45,3030,679.7730769231,16.1294774986,1
0.76,34.45,3030,678.1923076923,27.4405920977,1
0.77,34.45,3030,678.2961538462,29.7720956185,1
0.81,34.45,3030,676.25,30.2133917073,1
0.79,34.45,3030,678.4461538462,29.1671737347,1
0.78,34.45,3027,672.0692307692,35.3021438577,1
0.77,34.45,3027,675.8961538462,29.0982550464,1
0.76,34.47,3027,671.6192307692,34.5988719161,1
0.77,34.45,3027,675.9961538462,32.4387586404,1
0.84,34.45,3027,676.2615384615,31.702475964,1
0.93,34.45,3027,673.55,31.0424244444,1
1.01,34.45,3027,676.7384615385,34.1175690915,1
0.82,34.43,3048,676.5615384615,31.5321579066,1
0.8,34.43,3048,670.95,32.9954746314,1
0.79,34.45,3048,672.1384615385,36.0233372746,1
0.84,34.45,3048,677.6038461538,33.1772742049,1
0.8,34.45,3042,670.2961538462,32.5949616301,1
0.82,34.45,3042,675.3461538462,32.373710022,1
0.79,34.47,3042,674.65,37.6543566792,1
0.8,34.45,3042,674.5730769231,31.9410280853,1
0.8,34.45,3042,669.4769230769,39.0428197643,1
1.02,34.45,3048,670.4961538462,38.6057486828,1
1.08,34.45,3048,673.5923076923,35.4707238229,1
1.11,34.51,3048,674.7807692308,39.5995582651,1
1.13,34.45,3048,674.2923076923,38.7426312902,1
1.06,34.45,3039,673.5115384615,39.2162135516,1
1.05,34.45,3039,673.3846153846,37.8456144427,1
1.08,34.45,3039,675.5884615385,34.6915510322,1
1.1,34.43,3039,672.7576923077,34.6878239896,1
1.1,34.43,3039,675.1,36.3990384488,1
1.05,34.43,3039,673.4769230769,35.2895093116,1
1.07,34.45,3039,674.7038461538,37.2145647746,1
1.09,34.45,3039,675.0192307692,35.3083616075,1
1.15,34.45,3039,672.9961538462,35.2994332137,1
1.06,34.45,3060,675.0461538462,36.8691786098,1
1.13,34.45,3060,675.3115384615,31.6275053969,1
1.11,34.47,3060,676.1923076923,35.5692382553,1
1.15,34.51,3054,673.7653846154,33.580482453,1
1.14,34.47,3054,674.5769230769,35.3099169737,1
1.19,34.47,3054,673.8423076923,36.702993727,1
1.24,34.51,3054,675.3807692308,37.4905785009,1
1.19,34.51,3054,672.4846153846,37.3217269399,1
1.2,34.47,3054,674.3884615385,35.5605531986,1
1.19,34.47,3054,672.3192307692,38.0060978835,1
1.23,34.47,3054,671.7615384615,32.0219405183,1
1.22,34.45,3054,678.9653846154,32.5134698987,1
1.21,34.53,3021,670.4153846154,38.6755308482,1
1.21,34.55,3021,673.9423076923,33.2787836441,1
1.16,34.55,3021,674.6692307692,41.4146738138,1
1.21,34.55,3021,672.1769230769,37.7241945185,1
1.19,34.55,3021,673.2884615385,38.6429098574,1
1.21,34.58,3021,675.4576923077,34.1556693467,1
1.19,34.55,3021,676.2615384615,35.5559264445,1
1.19,34.55,3021,671.7692307692,35.7071504284,1
1.22,34.59,3018,670.4076923077,38.963137639,1
1.25,34.63,3024,671.4653846154,37.5124947626,1
1.22,34.63,3024,672.4461538462,39.1626905531,1
1.23,34.63,3027,676.3307692308,30.8969474374,1
1.13,34.63,3018,674.1884615385,36.8954742578,1
1.1,34.63,3018,670.5961538462,43.0009211061,1
1.08,34.64,3018,669.5076923077,40.1101840423,1
1.12,34.67,3018,672.2461538462,41.7767070799,1
1.19,34.63,3018,671.4961538462,38.4716177178,1
1.07,34.67,3018,674.7269230769,44.9771570885,1
0.95,34.63,3042,673.8692307692,41.7552186442,1
0.99,34.69,3042,674.3423076923,40.1609518838,1
0.98,34.67,3042,673.4384615385,42.9931128377,1
1.44,34.67,3042,673.9307692308,45.6656222256,1
1.43,34.67,3075,672.9538461538,46.9969494163,1
1.38,34.67,3075,672.9076923077,41.0668209992,1
1.25,34.63,3075,671.9307692308,36.1413227082,1
1.22,34.63,3075,676.6192307692,35.3226503844,1
1.2,34.67,3075,675.1076923077,35.3301453662,1
1.23,34.67,3075,668.3153846154,38.7434430413,1
1.2,34.69,3075,673.1230769231,44.3137442448,1
1.21,34.69,3075,668.8153846154,40.0793990081,1
1.27,34.67,3072,672.8961538462,41.4017927963,1
1.32,34.63,3072,675.6538461538,38.0728474897,1
1.38,34.67,3072,670.8230769231,42.9620521972,1
1.37,34.69,3072,672.6923076923,44.0795340883,1
1.34,34.63,3066,672.5269230769,40.1032710894,1
1.33,34.67,3066,673.7038461538,41.5272012872,1
1.37,34.67,3066,676.7230769231,35.6659750343,1
1.39,34.67,3066,673.6,39.9229257445,1
1.4,34.67,3045,669.5846153846,41.4929622606,1
1.32,34.67,3045,671.35,38.2359652482,1
1.27,34.67,3045,676.0461538462,35.4307258091,1
1.42,34.67,3045,675.8846153846,40.1214760476,1
1.34,34.63,3045,672.9192307692,39.0774036539,1
1.37,34.67,3045,669.1923076923,35.4765569732,1
1.46,34.67,3048,675.9115384615,32.8904338082,1
1.38,34.67,3048,675.7230769231,36.2200572111,1
1.4,34.67,3048,675.1192307692,32.6405425015,1
1.45,34.69,3063,671.6730769231,35.6266544306,1
1.41,34.69,3063,679.35,34.5970846927,1
1.34,34.69,3072,671.8038461538,30.9387108872,1
1.52,34.75,3072,674.8923076923,33.5548336891,1
1.45,34.77,3072,674.2269230769,31.3227375964,1
1.39,34.71,3072,678.4538461538,33.1240353214,1
1.31,34.69,3069,676.9153846154,29.5653213216,1
1.42,34.75,3069,673.6730769231,21.369749606,1
1.4,34.75,3069,671.7769230769,24.1887657918,1
1.37,34.69,3069,670.5038461538,39.8711866348,1
1.42,34.77,3069,674.0576923077,39.6808486366,1
1.29,34.81,3054,669.2615384615,45.0559573191,1
1.34,34.77,3054,673.3423076923,42.1277605631,1
1.3,34.81,3054,673.3615384615,39.6218672814,1
1.35,34.81,3054,671.5076923077,38.1801894168,1
1.36,34.81,3054,673.1615384615,35.4270222475,1
1.32,34.81,3054,676.5423076923,38.2054433604,1
0.8,34.81,3054,679.3730769231,31.7505185626,1
0.82,34.81,3039,676.1807692308,38.5087654281,1
0.77,34.81,3039,673.3807692308,44.5203196411,1
1.26,34.81,3042,673.6423076923,43.644179038,1
1.31,34.81,3042,677,40.0938322515,1
1.35,34.81,3042,676.9346153846,43.6479750372,1
1.39,34.83,3042,678.9307692308,40.0517335573,1
1.55,34.89,3039,673.8192307692,37.0856858062,1
1.56,34.85,3039,671.3923076923,44.8143171068,1
1.6,34.85,3039,675.2730769231,40.1706748923,1
1.56,34.85,3018,671.3653846154,39.7945825682,1
1.54,34.83,3018,676.3923076923,44.4150002648,1
1.6,34.83,3018,677.2346153846,40.5232453927,1
1.66,34.85,3018,675.2884615385,42.1745167947,1
1.51,34.85,3018,674.3538461538,33.5952976422,1
1.59,34.85,3012,672.8307692308,41.4312476764,1
1.69,34.84,3012,680.9923076923,42.9870277667,1
1.68,34.85,3012,677.5307692308,39.0267538337,1
1.73,34.89,3006,674.7076923077,44.1174038838,1
1.53,34.91,3006,672.7423076923,41.5574548813,1
1.66,34.89,3006,679.4730769231,38.7628297142,1
1.59,34.89,3006,670.2730769231,43.5821775296,1
1.54,34.89,3006,670.1730769231,44.7584633827,1
1.55,34.89,3006,671.4384615385,46.2280307649,1
1.59,34.91,3033,675.3115384615,34.5799945158,1
1.65,34.91,3033,678.7884615385,38.6006857943,1
1.59,34.91,3033,670.2538461538,45.360574467,1
1.74,34.91,3033,673.4423076923,47.083809671,1
1.54,34.93,3033,679.2576923077,38.1658191124,1
1.47,34.93,3033,673.5153846154,41.6227997091,1
1.62,34.91,3033,674.3576923077,39.6625057694,1
1.66,34.91,3033,673.3461538462,42.0897779548,1
1.64,34.93,3033,676.2461538462,38.4870730623,1
1.59,34.93,3039,676.3307692308,43.0881722949,1
1.54,34.93,3039,672.6846153846,44.1894583001,1
1.58,34.91,3039,672.4615384615,41.5750764551,1
1.62,34.93,3039,672.5807692308,39.7411482087,1
1.58,34.93,3039,675.9153846154,35.9649475965,1
1.59,34.93,3039,673.4115384615,39.035534373,1
1.65,34.93,3039,673.3961538462,37.12454072,1
1.59,34.92,3039,675.2807692308,38.0408941821,1
1.52,34.93,3039,675.5115384615,38.1975112653,1
1.52,34.93,3039,676.6538461538,37.2794460875,1
1.51,34.97,3054,674.6192307692,34.9976539789,1
1.43,34.99,3054,678.0346153846,31.8580196679,1
1.42,34.97,3054,672.7653846154,43.464073956,1
1.46,34.97,3054,671.0615384615,47.5243668426,1
1.3,34.97,3054,673.7307692308,36.5631778752,1
1.57,34.99,3045,670.3307692308,52.5162082616,1
1.11,34.99,3045,674.7269230769,44.0300426955,1
1.02,34.99,3039,670.6846153846,38.4344666264,1
1.07,34.97,3039,659.9730769231,82.7526158438,1
1.29,34.99,3033,676.5653846154,34.3085484112,1
1.11,35.01,3033,679.7230769231,33.1820190846,1
1.07,34.99,3033,673.5615384615,36.0292624332,1
1.23,35.01,3030,675.5769230769,36.6466212913,1
1.23,35.01,3030,670.8730769231,42.4259903805,1
1.25,35.01,3030,673.3192307692,37.3442665688,1
1.3,35.01,3030,667.3269230769,40.3273724343,1
1.29,34.99,3030,672.55,36.2998384188,1
1.08,35.01,3030,671.4192307692,40.2367658055,1
1.09,35.01,3030,673.4269230769,36.1540300732,1
1.14,35.01,3027,669.9807692308,38.2366569913,1
1.11,34.99,3027,669.2615384615,39.6946138269,1
1.22,35.01,3027,673.2269230769,36.5465778435,1
1.21,35.01,3027,671.4615384615,36.2270943751,1
1.23,35.01,3027,677.0192307692,34.537321165,1
1.18,34.99,3024,673.8769230769,37.8219544271,1
1.26,35.01,3024,675.9884615385,40.2529963235,1
1.25,35.01,3024,674.9538461538,34.9107348574,1
1.29,35.01,3024,668.0192307692,34.4466646731,1
1.23,35.01,3024,676.9807692308,35.5546655949,1
1.27,35.01,3024,673.3076923077,37.9285454007,1
1.24,35.01,3024,676.9538461538,30.1469124681,1
1.28,35.07,3024,679.75,30.3304080725,1
1.24,35.05,3024,676.4192307692,31.3771906282,1
1.2,35.01,3018,674.7346153846,26.6973557075,1
1.17,35.07,3018,671.9692307692,33.2355089212,1
1.27,35.07,3018,677.4423076923,28.6701489502,1
1.2,35.01,3018,672.0307692308,31.846733551,1
1.22,35.05,3018,670.4307692308,35.3127648443,1
1.23,35.05,3018,675.3846153846,29.5428983046,1
1.26,35.05,3000,670.7653846154,31.0238548702,1
1.21,35.09,3000,677.5846153846,34.1427511431,1
1.24,35.09,3000,672.2269230769,39.9733378227,1
1.23,35.07,3000,677.1153846154,36.5693513153,1
1.36,35.09,2988,675.1307692308,34.357484564,1
1.15,35.09,2988,674.2730769231,34.8001774718,1
1.24,35.09,2988,673.9076923077,33.4636303502,1
1.21,35.09,3000,677.9884615385,17.4489326745,1
1.23,35.1,3009,675.0423076923,18.1701926893,1
0.83,35.13,3009,677.9576923077,16.9243264399,1
0.77,35.15,3009,671.4421768707,21.5517504858,1
31.55,0.02,0,650.4857142857,0.8060991988,0
31.57,0.02,0,650.5714285714,0.9646824581,0
31.61,0.02,0,650.4285714286,0.5993193418,0
31.55,0.02,0,650.7941176471,0.9634317267,0
31.57,0.5,0,651.56,1.2674383614,0
31.57,0.55,0,647.68,3.9569685366,0
31.61,0.64,0,646.4,8.1731266967,0
31.61,0.71,0,660.4,6.9512588788,0
31.55,0.88,39,656.8260869565,11.7608494736,2
31.55,0.91,39,646.9166666667,63.1822210401,2
31.57,0.92,39,639.5833333333,28.6093176353,2
31.55,1.13,39,649.6666666667,24.7650066738,2
31.55,1.24,216,674.7083333333,32.0630617776,2
31.57,1.22,216,671.6086956522,51.9437313709,2
31.61,0.91,216,637.4347826087,47.6229083411,2
31.57,0.79,216,664.9130434783,28.5404564777,2
31.55,0.75,726,648.9,21.6215170606,2
31.61,0.65,1353,652.6363636364,21.5333683016,2
31.57,0.71,1353,650.0333333333,11.0859771283,2
31.55,0.65,1353,651.9,23.375699633,2
31.61,0.63,1962,664.9,20.5821119746,2
31.55,0.63,1962,656.6842105263,10.0580035247,2
31.57,0.64,1962,650.3421052632,13.8872836869,2
31.55,0.64,1962,656.5405405405,16.5375814347,2
31.55,0.68,2991,656.4756097561,13.5247971084,2
31.55,0.68,2991,660.1538461538,12.9159779036,2
31.57,0.75,2991,657.6538461538,6.2075779229,2
31.61,0.74,2991,646.1538461538,17.060282953,2
31.61,0.73,3144,643.6153846154,19.5960689211,2
31.57,0.78,3144,651.68,13.742547071,2
31.57,0.77,3144,650.5294117647,24.4807671137,2
31.57,0.78,3144,656.2941176471,20.412697046,2
31.63,0.74,3144,657.7647058824,13.8289100917,2
31.61,0.77,3144,667.7058823529,10.2885699337,2
31.61,0.77,3144,637.3529411765,11.7920270995,2
31.61,0.76,3144,680.4705882353,21.4999798825,2
31.61,0.76,3189,665.4705882353,17.7999261302,2
31.63,0.76,3189,682.5625,19.7609740081,2
31.61,0.77,3189,647.8947368421,10.2181198025,2
31.57,0.79,3189,654.3157894737,25.4704217137,2
31.58,0.76,3189,644.3157894737,18.7814371727,2
31.63,0.75,3189,663.2631578947,18.3011132973,2
31.63,0.75,3246,655.1578947368,15.4076643877,2
31.63,0.76,3246,671.6315789474,13.0028763066,2
31.63,0.77,3246,652.9,13.2887170186,2
31.63,0.78,3246,669.6285714286,19.8005565784,2
31.61,0.78,3246,667.7142857143,12.6277957099,2
31.63,0.8,3246,662.1714285714,23.8764506985,2
31.63,0.83,3246,668.6285714286,19.6992903633,2
31.61,0.79,3351,515.08125,256.6867247219,2
31.67,0.76,3402,691.6363636364,31.9524440018,2
31.67,0.78,3402,655.9545454545,14.6550558224,2
31.63,0.75,3402,646,15.7249078621,2
31.67,0.74,3429,660.9090909091,31.4829089145,2
31.61,0.74,3429,654.95,34.4840180373,2
31.63,0.8,3429,537.7272727273,178.8031375101,2
31.63,0.74,3429,684.1515151515,50.5791436309,2
31.64,0.76,3447,659.8125,21.5804273301,2
31.67,0.85,3447,655.5555555556,17.9367888726,2
31.67,0.84,3447,653.8148148148,14.9171465771,2
31.63,0.8,3447,691.8148148148,50.1376158314,2
31.67,0.82,3447,744.2962962963,6.5592163873,2
31.67,0.8,3474,655.0740740741,32.6835851041,2
31.63,0.85,3474,657.1951219512,17.6721077079,2
31.64,0.81,3474,656.3658536585,12.1208469831,2
31.67,0.81,3474,683.8536585366,19.0564770061,2
31.67,0.83,3462,702.4,45.7311709887,2
31.69,0.81,3462,678.3773584906,39.1259342718,2
31.69,0.81,3462,661.8490566038,17.8350896728,2
31.69,0.8,3462,705.6666666667,38.4664355857,2
31.69,0.82,3549,661.9375,24.3399587869,2
31.69,0.83,3549,663.5375,14.2126209318,2
31.69,0.8,3549,657.8636363636,18.9983144098,2
31.69,0.86,3549,654.9090909091,15.2043925797,2
31.69,0.86,3549,659.6818181818,12.6756257283,2
31.69,0.81,3588,639.5,15.3022577063,2
31.71,0.86,3588,711.5,31.242089908,2
31.69,0.86,3588,719.4545454545,22.1887098087,2
31.68,0.83,3588,661.1081081081,30.8157416633,2
31.71,0.81,3588,650.2972972973,25.8675053017,2
31.69,0.8,3588,650.7027027027,28.9135382719,2
31.71,0.8,3609,701.5945945946,30.6307207206,2
31.69,0.86,3609,669.6285714286,31.4956556771,2
31.71,0.89,3609,651.9154929577,20.468282904,2
31.71,0.87,3678,664.1315789474,38.1638924506,2
31.71,0.88,3678,707.6533333333,44.5248974046,2
31.72,0.81,3735,671.0625,31.3338250737,2
31.75,0.82,3735,640.875,34.245209519,2
31.75,0.81,3735,659.9375,24.1892764206,2
31.75,0.86,3735,664.0294117647,19.3778000544,2
31.81,0.85,3831,660.5541401274,16.2203752124,2
31.77,0.81,3831,653.4375,15.7848902567,2
31.77,0.85,3831,674.8125,24.7130669299,2
31.77,0.8,3831,697.8085106383,36.5039422516,2
31.79,0.81,3858,660.3428571429,15.2726512941,2
31.77,0.82,3858,660.8732394366,22.075369984,2
31.79,0.86,3858,675.46,30.6347580372,2
31.81,0.9,3858,684.2,38.0673088095,2
31.75,0.83,3858,656.7755102041,33.9478984388,2
31.81,0.81,3840,656.2826086957,49.7225620398,2
31.83,0.79,3888,654.9565217391,35.7655144334,2
31.83,0.8,3888,650.5333333333,73.4482735596,2
31.83,0.81,3888,653.9444444444,52.9559274011,2
31.83,0.8,3888,665.0555555556,50.5673063267,2
31.83,0.82,3888,642.5,50.1578065266,2
31.83,0.8,3888,651.0555555556,83.2332547204,2
31.85,0.8,3873,651.4,77.8105391319,2
31.83,0.82,3873,658.66,47.9039079825,2
31.85,0.8,3873,663.6470588235,21.1963958548,2
31.85,0.8,3840,649.2631578947,25.8168490581,2
31.85,0.79,3840,671.0526315789,29.8248813192,2
31.85,0.78,3840,653.0526315789,32.3833512849,2
31.85,0.79,3840,652.2105263158,56.9002626461,2
31.85,0.75,3804,662.7894736842,52.118871163,2
31.89,0.74,3804,670.5238095238,58.363082793,2
31.85,0.62,3696,650.5851851852,38.8690841987,2
31.89,0.64,3696,648.9583333333,6.4580645105,2
31.89,0.62,3696,648.5,7.604823031,2
31.91,0.62,3696,656.4166666667,15.8795378466,2
31.87,0.62,3696,658.75,12.1971649711,2
31.88,0.61,3549,658.875,20.0900317322,2
31.89,0.61,3549,651.0416666667,4.9956578368,2
31.95,0.02,3549,654.25,10.3047319228,2
31.97,0.02,3303,646.9375,12.527313908,2
31.91,0.02,3303,652.84375,8.4561714704,2
31.91,0.02,3303,659.9090909091,7.8754072001,2
31.95,0.02,3303,649.4571428571,7.7913609929,2
31.97,0.02,2862,652.6571428571,5.3875139093,2
31.97,0.02,2862,646.1428571429,10.6533505317,2
31.95,0.02,2862,648.203125,8.7806244217,2
31.97,1.12,420,633.9583333333,7.2599309378,2
31.97,0.72,420,647.8333333333,8.9590116022,2
31.97,0.67,1005,654.375,18.217497966,2
31.97,0.66,1005,650.3214285714,9.6494025405,2
31.97,0.62,1611,647.5,11.1046161573,2
31.97,0.63,1611,656.65625,11.3209136529,2
31.97,0.67,1611,646.5483870968,12.188939221,2
31.99,0.63,2217,664.8,14.1995305087,2
31.99,0.63,2217,634.4,11.8479252755,2
31.99,0.67,2217,656.8666666667,6.8883153883,2
31.99,0.64,2217,653.2,7.0823724839,2
31.99,0.64,2217,657.8,8.478993651,2
31.99,0.64,2751,659.7333333333,7.1876437184,2
31.99,0.7,2751,641.5333333333,13.012131092,2
31.99,0.67,2751,643.9230769231,3.6260073075,2
31.99,0.66,2751,656.8529411765,16.3960762037,2
32.03,0.63,2751,650.7941176471,12.2876777392,2
31.99,0.67,2751,650.6470588235,17.1941890884,2
31.97,0.78,3072,652.7647058824,37.8247186713,2
31.95,0.85,3072,640,55.2564270223,2
31.97,0.78,3072,663.6363636364,81.7382437777,2
31.99,0.78,3150,662.4545454545,76.2482353135,2
31.99,0.78,3150,640.5454545455,67.6015917461,2
32,0.79,3150,641.0454545455,65.6135222155,2
32.03,0.8,3150,656.3181818182,43.9497506081,2
31.99,0.8,3150,657.4268292683,37.434179793,2
31.99,0.81,3150,661.0602409639,53.4249500392,2
31.99,0.81,3261,662.925,33.5114812415,2
32.05,0.81,3261,662.1604938272,20.7712151193,2
31.99,0.81,3390,653.8895348837,44.0904791945,2
32.03,0.9,3483,656.4545454545,69.3666983716,2
32.06,0.85,3612,667.4181818182,41.6761064789,2
32.09,0.86,3612,663.1411042945,43.8835432213,2
32.1,0.81,3810,658.2891566265,26.7863164674,2
32.11,0.81,3810,657.3684210526,17.2114115336,2
32.09,0.82,3810,653.3684210526,25.342310214,2
32.09,0.87,3810,648.2368421053,49.7125602103,2
32.09,0.85,3816,669.7948717949,64.5748142883,2
32.11,0.81,3816,661.4210526316,29.4141315652,2
32.11,0.81,3816,650.4210526316,25.6100633787,2
32.11,0.81,3816,661.4210526316,21.9336698383,2
32.09,0.89,3876,656.8157894737,24.3913868136,2
32.11,0.82,3891,652,35.7359598098,2
32.11,0.81,3891,657.4411764706,33.0980638997,2
32.11,0.83,3891,665.5588235294,30.4922277238,2
32.11,0.82,3876,662.9714285714,30.829008338,2
32.11,0.82,3876,653.5510204082,24.7518799323,2
32.13,0.83,3876,661.3673469388,18.932418884,2
32.11,0.87,3876,664,28.9030751842,2
32.14,0.84,3840,651.9861111111,49.7070565792,2
32.17,0.86,3840,654.4246575342,33.3802984335,2
32.14,0.83,3807,663.1496598639,27.6140439823,2
32.17,0.81,3807,651.7222222222,20.9199680145,2
32.19,0.84,3807,659.8888888889,24.9708471998,2
32.17,0.84,3807,651.3888888889,26.1600605013,2
32.17,0.82,3807,657.3333333333,56.1901533485,2
32.17,0.81,3801,649.1111111111,53.5608572756,2
32.19,0.81,3801,642.1111111111,47.1155658271,2
32.17,0.78,3801,659.6470588235,43.724997799,2
32.13,0.8,3801,657.6,43.476379283,2
32.19,0.85,3801,666.0444444444,42.823127477,2
32.13,0.85,3804,652.1111111111,33.5984273588,2
32.19,0.87,3804,644.8148148148,26.3509603972,2
32.25,0.82,3804,649.1481481481,28.0286939003,2
32.25,0.83,3804,661.8148148148,28.1359622745,2
32.21,0.91,3837,671.0740740741,32.3853258104,2
32.21,0.87,3837,660.4827586207,31.4035147271,2
32.22,0.8,3837,658.8409090909,40.4280748433,2
32.19,0.8,3837,659.2528735632,33.747275204,2
32.25,0.38,3804,656.6617647059,85.0929613274,2
32.27,0.02,3531,647.8507462687,79.7522757325,2
32.33,0.89,0,648.4038461538,7.9982200313,2
32.33,1.21,48,648.9411764706,14.286167401,2
32.31,1.3,48,648.6,11.385956262,2
32.31,1.03,48,662.2666666667,6.8065328097,2
32.33,0.95,396,651.4666666667,7.8940202404,2
32.31,0.83,396,649.6551724138,8.6633427572,2
32.31,0.75,396,651.5588235294,23.9167565877,2
32.33,0.75,1014,659,12.8909452946,2
32.33,0.75,1014,638.6060606061,11.9111340679,2
32.31,0.73,1014,652.2,15.7107182098,2
32.33,0.78,1665,644.3,20.1397616669,2
32.33,0.78,1665,655.2,16.4932309347,2
32.31,0.71,1665,650.78125,22.1666054785,2
32.31,0.77,1665,679.3913043478,13.0907837824,2
32.33,0.79,2358,653.652173913,13.9770267898,2
32.35,0.74,2358,659.8695652174,12.6122933398,2
32.35,0.71,2358,637.2173913043,13.5227876009,2
32.33,0.74,2358,664.1296296296,18.7863684783,2
32.33,0.71,2358,647.4444444444,21.3807343763,2
32.35,0.7,2979,656.1698113208,13.7315720067,2
32.39,0.7,2979,653.8902439024,20.3242052601,2
32.33,0.72,3300,643.3456790123,28.6318308983,2
32.33,0.75,3300,652.9026548673,30.1559265229,2
32.41,0.71,3384,646.9,26.5271558973,2
32.39,0.72,3453,644.6734693878,17.7722413171,2
32.35,0.72,3459,655.4651162791,16.2385542334,2
32.35,0.71,3459,660.9069767442,17.47664748,2
32.39,0.71,3459,649.5476190476,17.1730719178,2
32.35,0.72,3459,653.7924528302,16.5385296175,2
32.38,0.73,3498,644.358490566,20.1757320501,2
32.35,0.71,3498,655.7407407407,23.6683764525,2
32.35,0.72,3498,649.6388888889,20.0459926416,2
32.35,0.74,3498,658.8888888889,18.4070906896,2
32.35,0.71,3498,656.5833333333,20.6591047994,2
32.39,0.73,3552,651.2777777778,17.6219735165,2
32.39,0.79,3552,651.8928571429,20.797216994,2
32.35,0.72,3552,645,28.798561472,2
32.45,0.78,3552,663.7857142857,35.5561499029,2
32.39,0.73,3552,638.0357142857,17.2616050877,2
32.36,0.76,3552,648.3448275862,24.0104515491,2
32.41,0.72,3552,657.1363636364,22.0542625328,2
32.41,0.73,3552,659.9090909091,11.927466739,2
32.41,0.72,3552,648.8181818182,20.6477741782,2
32.41,0.73,3552,659.5,17.0580559481,2
32.41,0.71,3552,656.3181818182,27.0477462742,2
32.45,0.71,3573,653.5454545455,16.4944268073,2
32.47,0.7,3573,650.3157894737,12.3205119151,2
32.47,0.69,3573,656.7916666667,27.7923538146,2
32.45,0.74,3573,647.5833333333,26.5312970324,2
32.45,0.72,3573,634.2083333333,33.905480342,2
32.45,0.76,3573,658.5,30.904422553,2
32.45,0.71,3558,653.2916666667,20.9691820828,2
32.45,0.72,3558,653.7142857143,19.3541993896,2
32.45,0.79,3558,617.1428571429,24.5818084388,2
32.45,0.72,3558,664.0714285714,21.2685693176,2
32.45,0.71,3558,654.3571428571,14.6365840221,2
32.45,0.71,3558,663.9285714286,16.1398543351,2
32.45,0.72,3558,630.8571428571,17.7999082777,2
32.45,0.75,3558,649.5714285714,22.5316104482,2
32.47,0.72,3543,656.7142857143,23.692761316,2
32.47,0.73,3543,643.9285714286,22.0631052267,2
32.45,0.72,3543,650.8333333333,18.6048082196,2
32.45,0.72,3543,650.0625,16.5566027237,2
32.47,0.76,3543,648.1875,15.2016395086,2
32.49,0.74,3543,657.1875,24.09543201,2
32.45,0.73,3498,650.65625,13.6212365789,2
32.47,0.71,3498,648.7878787879,25.1730466436,2
32.45,0.71,3495,645.4242424242,26.5455929151,2
32.45,0.78,3495,658.9090909091,33.7660073252,2
32.47,0.72,3495,640.6666666667,36.4481089559,2
32.47,0.74,3495,657,29.7548315404,2
32.45,0.7,3432,651.835443038,30.2150228289,2
32.47,0.72,3468,653.6024844721,30.5986399046,2
32.47,0.71,3468,660.3333333333,22.0731108415,2
32.55,0.7,3468,655.0277777778,25.9384807564,2
32.55,0.74,3537,662.2777777778,37.2935883014,2
32.5,0.71,3537,641.5555555556,22.7991769399,2
32.55,0.76,3546,654.7173913043,22.7774326181,2
32.55,0.68,3546,647.8695652174,19.3037602731,2
32.55,0.67,3576,651.4,11.6645712404,2
32.59,0.02,3531,646.954954955,13.4300908528,2
32.59,0.02,3273,645.612244898,16.6706589693,2
32.59,0.02,2745,650.8979591837,12.6495057546,2
32.59,0.02,2745,651.1875,12.2655619691,2
32.59,0.03,2745,649.7714285714,4.4620241891,2
32.59,0.02,2082,651.1818181818,1.5026148008,2
32.56,0.02,1374,650.8363636364,0.8896094417,2
32.61,0.02,1374,651.1818181818,1.3696835612,2
32.61,0.02,1374,650.1136363636,0.6814392887,2
32.39,0.89,12,648.4444444444,31.6459971529,1
32.39,1.15,12,654.0277777778,22.1277680141,1
32.39,1.07,147,648.5833333333,27.0917935504,1
32.41,1.25,147,659.4444444444,25.3557405778,1
32.41,1.13,147,659.6071428571,17.7619965209,1
32.39,0.95,147,659.9107142857,18.1563416565,1
32.39,0.66,1215,655.625,18.3396160771,1
32.4,0.63,2550,650.3285714286,13.6797257999,1
32.39,0.66,2550,657.0985915493,13.1204119327,1
32.41,0.71,3099,649.4347826087,21.4968674906,1
32.41,0.71,3099,654.152173913,18.4779155978,1
32.41,0.74,3408,650.4130434783,20.3614897454,1
32.41,0.78,3408,650.36,19.415210532,1
32.41,0.77,3408,649.08,25.8316395144,1
32.41,0.78,3408,655.72,16.4912582904,1
32.41,0.8,3492,648.08,26.6141616438,1
32.41,0.82,3492,659.52,20.4746086654,1
32.41,0.81,3492,648.5111111111,16.3511769501,1
32.41,0.79,3558,663.0444444444,21.1470571166,1
32.41,0.82,3558,654.652173913,19.5439497936,1
32.41,0.87,3651,651.0428571429,26.4820347267,1
32.41,0.85,3762,659.5915492958,21.9099163766,1
32.41,0.87,3816,662.1428571429,30.584910245,1
32.41,0.86,3816,641.3142857143,20.2467230909,1
32.41,0.86,3816,661.6,15.96818265,1
32.41,0.85,3900,655.2777777778,24.665102553,1
32.41,0.86,3900,653,19.1874959283,1
32.41,0.81,3900,625.44,110.2731445094,1
32.41,0.73,4032,626.8367346939,122.591631192,1
32.41,0.83,4032,655.2222222222,75.422186211,1
32.41,0.82,3987,644.0555555556,23.644290413,1
32.41,0.84,3987,641.1111111111,15.514827635,1
32.41,0.8,3987,644.25,19.3539760486,1
32.41,0.8,3987,653.9863945578,19.6655665764,1
32.45,0.85,3987,650.9066666667,19.6690439241,1
32.47,0.84,4065,654.954887218,21.6287418986,1
32.49,0.84,3978,655.7733333333,17.9555550055,1
32.49,0.72,4062,638,14.7017977521,1
32.53,0.68,4062,657.2142857143,12.6388209861,1
32.49,0.65,4047,648.1785714286,15.9598907341,1
32.49,0.65,4047,651.2857142857,11.3793583263,1
32.49,0.65,4047,639.2962962963,7.6633558784,1
32.53,0.7,4047,649.2777777778,20.5677891524,1
32.53,0.65,3882,650.5138888889,11.3956534788,1
32.53,0.43,3882,650.5,9.9289140057,1
32.53,0.1,3882,646.3333333333,15.6941248738,1
32.49,0.02,3630,643.4166666667,19.9037615094,1
32.53,0.02,3630,654.375,22.0677224697,1
32.53,0.02,3630,658.5833333333,7.1292628573,1
32.55,0.02,3207,646.4444444444,8.9176617652,1
32.55,0.02,3207,649.1666666667,11.2063969827,1
32.59,0.02,2547,656.0833333333,2.5644470922,1
32.55,0.02,2547,652.8181818182,3.1857119033,1
32.59,0.02,2547,650.652173913,0.5601782055,1
32.53,1.14,0,645.6862745098,16.9769049537,0
32.59,1.09,114,653.3725490196,21.7760083707,0
32.69,0.05,0,650.92,0.3919183588,0
32.69,0.04,0,650.36,0.7418894796,0
32.69,0.03,0,649.84,0.6118823416,0
32.69,0.02,0,651.48,1.8356470249,0
32.63,0.02,0,650.44,0.637495098,0
32.69,0.02,0,649.8863636364,0.8585375803,0
32.63,0.02,0,651.4090909091,0.717260629,0
32.69,0.02,0,650.4888888889,1.0877545112,0
32.69,0.02,0,649.2962962963,0.531581485,0
32.67,0.02,0,649.5185185185,0.7388865683,0
32.67,0.02,0,650.037037037,0.4287347001,0
32.67,0.02,0,650.2592592593,0.7499428419,0
32.69,0.02,0,650.5384615385,1.6226940854,0
32.67,0.02,0,651.0263157895,1.2244621183,0
32.69,0.02,0,650.1578947368,0.6293821444,0
32.67,0.02,0,650.4210526316,1.3105157472,0
32.69,0.02,0,650.25,1.1346805718,0
32.75,0.02,0,650.1666666667,0.4409585518,0
32.75,0.02,0,649.8888888889,0.6136311676,0
32.75,0.02,0,650.1666666667,0.5527707984,0
32.72,0.02,0,650.0833333333,0.5464532104,0
32.75,0.02,0,650.3684210526,0.624965373,0
32.74,0.02,0,650,0.7254762501,0
32.75,0.02,0,650.0263157895,0.6277294969,0
32.75,0.02,0,650.7,1.630950643,0
32.71,0.02,0,650.275862069,0.9430892642,0
32.71,0.02,0,650.1379310345,0.7756704744,0
32.71,0.02,0,649.7931034483,0.4827586207,0
32.71,0.02,0,651.2413793103,1.7151489814,0
32.71,0.02,0,650.9677419355,1.0312495073,0
32.71,0.02,0,650.5882352941,0.9112901991,0
32.71,0.02,0,649.3529411765,0.5882352941,0
32.71,0.02,0,649.5294117647,0.848365006,0
32.75,0.02,0,650.1176470588,0.962982679,0
32.69,0.99,0,651.1176470588,0.4705882353,0
32.69,0.85,0,647.4705882353,9.9120701646,0
32.71,0.9,0,660.6923076923,17.4879502048,0
32.75,1,0,652.9230769231,17.2958934142,0
32.71,1.31,30,645.1153846154,27.5001075845,1
32.71,1.42,30,638.4230769231,21.6815644428,1
32.71,1.25,30,657.28,24.9535889202,1
32.75,1.06,30,652.6752136752,22.4152073912,1
32.77,0.94,1041,652.4583333333,28.3871731108,1
32.77,0.88,1041,635.75,19.0531056086,1
32.75,0.9,1041,646.375,16.7799793901,1
32.75,0.92,1041,657.0384615385,21.8376540886,1
32.75,0.9,1821,651.6060606061,12.5961499504,1
32.75,0.92,1821,639.7878787879,15.8530325476,1
32.75,0.88,1821,655.7352941176,20.1206783062,1
32.75,0.91,1821,669.6,10.3460137251,1
32.75,0.84,1821,638.8,10.8762738718,1
32.71,0.86,2622,651.8,13.0547564767,1
32.75,0.86,2622,662.4666666667,15.1607680837,1
32.72,0.87,2622,639.4666666667,16.6367731914,1
32.77,0.85,2622,640.4615384615,9.451213879,1
32.77,0.84,3417,653.7288135593,19.408918541,1
32.77,0.86,3417,656.3548387097,16.8341978877,1
32.77,0.87,3963,649.4838709677,17.9297391589,1
32.77,0.85,3963,651.59375,14.834207459,1
32.77,0.82,4182,646.5588235294,22.2620637177,1
32.77,0.83,4182,650.4411764706,19.6007070348,1
32.77,0.9,4182,660.6176470588,19.8183140286,1
32.77,0.83,4182,654.4444444444,19.0152635247,1
32.8,0.88,4161,650.8819875776,18.9108332297,1
32.81,0.84,4074,658.1282051282,16.8844937013,1
32.81,0.85,4074,647.5316455696,17.0574868992,1
32.83,0.85,4032,649.3333333333,25.706678769,1
32.83,0.83,4032,653.6944444444,17.2446762227,1
32.83,0.85,4032,650.2222222222,22.024116972,1
32.83,0.86,4032,659.4722222222,18.1620576892,1
32.83,0.86,4032,643.5454545455,15.7501147838,1
32.83,0.81,4026,660.5454545455,21.592775039,1
32.85,0.83,4026,669.8636363636,23.4060898341,1
32.84,0.82,4026,662.0909090909,18.9446780507,1
32.85,0.82,4026,644.5454545455,11.8426320505,1
32.83,0.83,4026,647.9565217391,20.59438138,1
32.83,0.84,3996,651.4358974359,17.3305641848,1
32.83,0.02,3996,653.1282051282,14.6018605895,1
32.83,0.02,3996,648.7254901961,17.2582216058,1
32.85,0.02,3741,651.8431372549,12.7099969131,1
32.85,0.02,3741,654.1923076923,18.4234783961,1
32.85,0.02,3189,664.9189189189,18.3720974959,1
32.85,0.02,3189,654.1081081081,11.4650674702,1
32.85,0.02,3189,659.1081081081,6.6567737652,1
32.85,0.02,2511,651.2941176471,5.6648005612,1
32.85,0.02,2511,651.0588235294,1.1616716269,1
32.85,0.02,2511,651.5882352941,1.4166581857,1
32.85,0.02,2511,649.2941176471,1.8073284113,1
32.85,1.11,111,652.56,8.2028287804,1
32.85,1.18,111,636.52,6.8825576641,1
32.85,1.08,111,664.48,8.9983109526,1
32.85,1.11,111,653.3333333333,10.7651701746,1
32.89,0.87,519,652.3238095238,15.8730050794,1
32.85,0.76,1185,651.8823529412,15.8072297418,1
32.85,0.78,1185,653.2058823529,14.5375364281,1
32.85,0.77,1185,661,20.459429007,1
32.85,0.8,1185,652.0588235294,20.7335209922,1
32.85,0.76,1185,652.0625,22.7636463193,1
32.85,0.76,1908,649.125,14.1312670463,1
32.89,0.82,1908,650.2127659574,17.4806107423,1
32.89,0.77,2658,652.2794117647,15.0965964106,1
32.85,0.8,2658,670.6268656716,30.1220580757,1
32.89,0.76,3282,661.7,20.7800384985,1
32.85,0.75,3282,653.25,22.7329606519,1
32.85,0.75,3282,644.3,18.0335797888,1
32.89,0.74,3282,660.2,23.8340093144,1
32.89,0.74,3282,635.05,50.2528357409,1
32.89,0.75,3282,648.4285714286,22.7524387569,1
32.89,0.8,3282,648.5384615385,18.3768892681,1
32.85,0.78,3282,655.5769230769,12.016568936,1
32.85,0.78,3600,658.9230769231,15.6055292886,1
32.89,0.76,3600,646.4230769231,15.87250423,1
32.89,0.77,3600,666.0384615385,18.5399377006,1
32.91,0.75,3702,657.1520467836,22.3750653282,1
32.91,0.76,3702,649.8235294118,16.1071240874,1
32.91,0.77,3759,659.6764705882,11.8909767774,1
32.89,0.77,3759,643.1176470588,12.715818555,1
32.91,0.75,3759,648.4166666667,17.1405545742,1
32.97,0.79,3783,652.2361111111,21.0894214237,1
32.97,0.8,3783,651.7808219178,16.1629091503,1
32.97,0.77,3831,651.3026315789,19.1840255207,1
32.95,0.8,3831,651.0133333333,18.561245169,1
32.97,0.77,3858,658.9545454545,25.0244921349,1
32.97,0.75,3858,654.4090909091,11.3804421184,1
32.97,0.82,3858,645.9545454545,24.8440175216,1
32.97,0.78,3858,649.1363636364,17.0675008943,1
32.97,0.79,3858,652.7272727273,20.9765709525,1
32.96,0.77,3858,650.2631578947,20.7512640205,1
32.97,0.76,3858,662.7837837838,15.2778503071,1
32.97,0.82,3891,650.8648648649,12.0789344486,1
32.97,0.82,3891,656.4594594595,16.9731020825,1
32.96,0.78,3891,651.0526315789,23.1004071147,1
33.01,0.73,3903,657.8444444444,16.9390483211,1
33.03,0.77,3903,652.8,20.8407720053,1
33.03,0.84,3903,653.6222222222,15.4276647457,1
32.99,0.79,3945,648.8493150685,18.4068712847,1
32.95,0.77,3945,661.5890410959,17.6292375583,1
33.05,0.78,3951,654.8684210526,23.4371174946,1
33.05,0.83,3951,667.2894736842,20.722994976,1
33.03,0.75,3951,645.6052631579,16.9341440722,1
33.05,0.73,3912,651.4210526316,27.0949903885,1
33.03,0.74,3912,654.0526315789,15.5647161173,1
33.03,0.75,3912,651.1621621622,16.3368486053,1
33.05,0.75,3864,649.6329113924,16.5882200197,1
33.05,0.78,3864,659.9240506329,20.2232928443,1
33.03,0.75,3855,656.748502994,17.2184689044,1
33.05,0.83,3855,655.7307692308,16.4672737433,1
33.05,0.73,3843,648.3506493507,19.40328412,1
33.11,0.67,3786,654.2191780822,17.6466431868,1
33.11,0.69,3786,648.095890411,18.8724372358,1
33.13,0.03,3711,650.9038461538,18.7291007786,1
33.11,0.02,3711,649.1886792453,12.1996854333,1
33.11,0.02,3387,647.8333333333,17.1212992757,1
33.07,0.02,3387,653.4545454545,11.3102016409,1
33.07,0.02,2856,657.4259259259,13.5326790371,1
33.07,0.02,2856,649.7818181818,8.7025407138,1
33.13,0.02,2160,651.2777777778,2.1680907001,1
33.13,0.02,2160,650.6666666667,0.6236095645,1
33.13,0.02,2160,650.4324324324,0.5945945946,1
33.13,0.02,1431,649.3333333333,0.9428090416,1
33.19,0.72,780,649.9897959184,17.9207409752,1
33.19,0.72,1428,648.6902654867,14.5018031506,1
33.25,0.76,1428,649.5984848485,16.0740991776,1
33.19,0.76,3297,655.0769230769,19.0638395995,1
33.19,0.79,3297,650.3417721519,17.9731769738,1
33.21,0.74,3507,650.9,17.6245094494,1
33.19,0.77,3507,658.5666666667,11.4562452643,1
33.21,0.76,3507,646.8,13.6562561976,1
33.19,0.75,3507,648.4642857143,16.4348978502,1
33.21,0.73,3642,649.5263157895,18.7121362843,1
33.19,0.76,3642,641.5789473684,20.9794781669,1
33.21,0.75,3642,657.6842105263,13.5143301393,1
33.25,0.82,3642,649.5263157895,21.3476694674,1
33.19,0.74,3642,670.9047619048,9.7585360041,1
33.19,0.76,3783,651.592920354,18.5499264928,1
33.25,0.74,3909,648.7021276596,20.117295999,1
33.25,0.76,3957,651.4571428571,13.0785382694,1
33.25,0.73,3957,651.5428571429,18.5400614225,1
33.21,0.73,3957,657.3142857143,13.133972152,1
33.21,0.75,3957,644.9444444444,17.6634343654,1
33.29,0.76,3993,644.5633802817,18.1703460588,1
33.27,0.76,3993,655.5492957746,14.1777337155,1
33.35,0.76,3966,654.397260274,23.6421609274,1
33.35,0.78,3966,648.9452054795,15.4670577122,1
33.33,0.75,3966,649.08,17.5337845316,1
33.29,0.74,3939,659.28,23.8604610182,1
33.33,0.75,3939,644.4,19.5427736005,1
33.35,0.81,3939,642.44,18.2758419779,1
33.35,0.75,3939,661.347826087,17.058999144,1
33.35,0.74,3939,658.6086956522,21.8388149273,1
33.35,0.75,3939,653.9565217391,15.3806153008,1
33.39,0.79,3903,645.5744680851,17.5811125454,1
33.37,0.77,3909,649.4893617021,16.1783574113,1
33.39,0.75,3909,651.3191489362,17.8279082948,1
33.39,0.68,3909,656.2391304348,24.8300175827,1
33.39,0.03,3837,645.2368421053,26.996524348,1
33.39,0.02,3594,653.5,14.5742202102,1
33.39,0.02,3594,650.8461538462,11.0813737497,1
34.15,0.74,1611,661.6764705882,16.2385173697,1
34.15,0.75,1611,654.7714285714,15.8638595813,1
34.15,0.76,2349,659.1325301205,22.5499558327,1
34.17,0.77,2349,658.0120481928,22.342619048,1
34.21,0.79,3099,660.6724137931,21.2395109456,1
34.13,0.8,3099,649.5517241379,19.1213659282,1
34.21,0.79,3870,656.015625,20.9825017779,1
34.21,0.82,3966,665.8636363636,16.3743020796,1
34.21,0.83,3966,657.2272727273,27.2512415367,1
34.21,0.81,3966,656.9545454545,24.8659629957,1
34.21,0.79,3966,649.2272727273,24.917923119,1
34.2,0.78,3966,640.2727272727,15.3805716237,1
34.21,0.79,3966,658.2727272727,17.4855312088,1
34.21,0.82,4104,653.65625,28.116509135,1
34.21,0.8,4104,660.84375,16.7818901181,1
34.23,0.78,4104,651.1875,19.6141490703,1
34.23,0.8,4104,648.7272727273,19.9700878244,1
34.21,0.79,4161,655.75,19.0574788469,1
34.21,0.79,4161,651.6388888889,22.8231763027,1
34.23,0.83,4161,660.8333333333,23.1978207789,1
34.23,0.8,4161,654.2058823529,19.7138043778,1
34.25,0.85,4224,656.9594594595,23.4338858304,1
34.23,0.81,4224,650.8133333333,20.7850544596,1
34.3,0.83,4158,664.5,16.1141759537,1
34.31,0.83,4158,655.5416666667,26.922696693,1
34.29,0.78,4158,649.5416666667,21.2896280824,1
34.25,0.8,4158,643.875,29.8053581592,1
34.31,0.78,4158,663.2083333333,17.085518153,1
34.29,0.83,4158,659.4583333333,27.2457629224,1
34.33,0.78,4050,654.44,19.3537179891,1
34.33,0.77,4050,653.12,13.7384715307,1
34.33,0.8,4050,656.44,28.3253667231,1
34.33,0.85,4050,665.4,26.5088664412,1
34.37,0.83,4050,653.25,17.7229841355,1
34.39,0.78,4020,649.7826086957,23.6697505024,1
34.39,0.83,4020,660.5652173913,22.5616567518,1
34.37,0.83,4020,660.8695652174,17.8868529514,1
34.37,0.78,4020,665.2173913043,23.3181334956,1
34.37,0.76,4020,648.9130434783,21.6853247181,1
34.39,0.81,4020,655.72,17.858376186,1
34.37,0.76,4014,657.0952380952,17.2292795137,1
34.37,0.76,4014,663.8571428571,19.8429205663,1
34.31,0.66,4014,660.8571428571,32.0806806042,1
34.33,0.26,4014,646.2380952381,68.7645428857,1
34.37,0.02,4014,645.7142857143,68.932087253,1
34.37,0.02,4014,642.0454545455,68.9667095401,1
34.43,0.02,3765,657.4782608696,63.1672747542,1
34.39,0.02,3765,655.5217391304,47.1975830552,1
34.39,0.02,3213,657.3173076923,34.3358033655,1
34.43,0.02,2487,654.65625,0.9222721602,1
34.43,0.02,2487,656.34375,0.5921029788,1
34.43,0.02,2487,655.9375,0.4960783708,1
34.43,0.69,1350,655.6212121212,17.0398509308,1
34.43,0.69,1350,660.4626865672,15.1601681145,1
34.43,0.67,2019,648.4230769231,10.4372597233,1
34.45,0.61,2019,662,12.2537278472,1
34.45,0.61,2019,661.6666666667,8.3088529315,1
34.45,0.72,3261,659.96875,20.6768052038,1
34.47,0.75,3261,655.5,13.3416640641,1
34.45,0.75,3261,651.375,12.7101091655,1
34.43,0.76,3261,659.6774193548,19.6475182653,1
34.43,0.76,3528,654.9583333333,22.7531667515,1
34.43,0.8,3528,647.2083333333,20.7142848591,1
34.45,0.79,3528,657.5,11.3100250515,1
34.45,0.75,3528,660.0833333333,12.068956965,1
34.45,0.75,3528,652.8461538462,18.0057518752,1
34.47,0.76,3780,653.8775510204,26.5527066556,1
34.46,0.74,3780,661.4897959184,21.067551652,1
34.47,0.75,3780,659.96,13.9799284691,1
34.45,0.81,3879,661.6388888889,15.7518125549,1
34.45,0.76,3879,663.2777777778,12.3256983375,1
34.45,0.75,3879,659.3055555556,13.2052587262,1
34.45,0.74,3879,656.3783783784,17.8148910554,1
34.46,0.75,3852,652.7246376812,22.8116954862,1
34.47,0.74,3852,658.2173913043,17.8762813995,1
34.51,0.76,3894,659.0405405405,28.9031183154,1
34.51,0.74,3894,649.5405405405,20.3743275062,1
34.51,0.73,3894,659.2467532468,15.1436033765,1
34.53,0.76,3945,654.2207792208,15.3518249489,1
34.53,0.77,3945,663.0434782609,14.7131359849,1
34.51,0.75,3945,656.347826087,16.4385778917,1
34.51,0.74,3945,653.2173913043,13.5356422303,1
34.51,0.75,3945,655,16.8238960488,1
34.47,0.73,3945,656.4782608696,11.5037595564,1
34.51,0.73,3945,647.347826087,24.2157130009,1
34.51,0.72,3960,653.2080536913,19.0584671482,1
34.58,0.76,3975,657.9189189189,26.4159844918,1
34.55,0.74,3975,661.1891891892,15.5056011464,1
34.53,0.73,3975,659.2162162162,18.8538262446,1
34.55,0.78,3975,648.6944444444,14.3890765754,1
34.55,0.72,3942,649.55,15.4652028761,1
34.55,0.75,3942,654.4556962025,21.9440009208,1
34.55,0.72,3954,658.125,19.9674806646,1
34.55,0.72,3954,652.1264367816,20.9733298611,1
34.58,0.73,3888,656.6351351351,17.1586983097,1
34.55,0.74,3888,650.6216216216,21.7210215172,1
34.61,0.77,3849,661.5238095238,11.8587682955,1
34.61,0.71,3849,667.0952380952,16.6043733823,1
34.61,0.71,3849,647.7619047619,13.0599524607,1
34.61,0.71,3849,664.4285714286,25.3162312485,1
34.59,0.69,3849,667.5238095238,21.2459946872,1
34.61,0.68,3849,641.35,17.582022068,1
34.63,0.71,3882,675.1875,20.7099575989,1
34.67,0.66,3882,656,29.1161467231,1
34.63,0.65,3882,650.5625,31.8864562746,1
34.63,0.72,3882,658.1875,34.3642596858,1
34.67,0.03,3882,661.9375,54.1519491224,1
34.63,0.02,3882,648.3125,37.3391864366,1
34.63,0.02,3882,668.6315789474,52.4878036222,1
34.63,0.02,3690,653.0857142857,38.1038966351,1
34.61,0.02,3690,656.7714285714,33.7436433923,1
34.67,0.02,3690,651.7941176471,21.3097318444,1
34.69,1.3,0,651.7857142857,10.9751574764,0
34.71,1.34,0,659.9285714286,14.409641047,0
34.67,1.32,0,656.5333333333,22.8673469287,0
34.69,1.1,147,644.7,6.4969223483,1
34.69,1.06,147,656.3,17.7203273107,1
34.69,1.02,147,662.9,6.6850579653,1
34.69,0.89,147,676.2,11.2853887837,1
34.71,0.8,147,658.8,5.1341990612,1
34.71,0.78,147,653.2,4.9355850717,1
34.71,0.77,147,675.3,11.5935326799,1
34.71,0.75,147,648.2,11.9816526406,1
34.71,0.75,657,655.3333333333,12.3648246607,1
34.69,0.78,657,649.5,15.5300783428,1
34.71,0.69,657,663.5,9.2294817478,1
34.71,0.69,657,639.6666666667,13.7339805673,1
34.69,0.66,657,655.6,15.5940159463,1
34.69,0.65,1284,651.9,13.8018114753,1
34.69,0.66,1284,653.0322580645,9.5494768341,1
34.7,0.64,1284,663.3548387097,8.5290712995,1
34.69,0.68,1284,657.4516129032,20.9574664648,1
34.71,0.67,1284,662.2333333333,15.4654094317,1
34.71,0.62,1938,649.3333333333,14.2532647332,1
34.71,0.63,1938,653.6666666667,17.3691936741,1
34.71,0.66,1938,669.1333333333,9.3656583087,1
34.74,0.63,1938,661.7333333333,8.5748987684,1
34.75,0.63,1938,652.2,4.2300512211,1
34.71,0.62,1938,651.4375,8.6455823257,1
34.71,0.61,3159,653.8888888889,15.0513524268,1
34.69,0.63,3159,651.2777777778,10.2891828612,1
34.71,0.65,3159,644.4444444444,14.7769423323,1
34.71,0.62,3159,660.2222222222,17.1449881098,1
34.67,0.63,3159,661.3333333333,14.3022919686,1
34.7,0.62,3159,666.0666666667,14.326975334,1
34.71,0.64,3321,657.0555555556,10.9846975492,1
34.71,0.63,3321,660.9444444444,10.8677515932,1
34.71,0.64,3321,650.5,12.4398553046,1
34.71,0.61,3321,649.2941176471,9.4667511408,1
34.71,0.61,3393,652.5,8.3516465442,1
34.69,0.61,3393,666.9,8.1786306922,1
34.71,0.6,3393,657.8,11.1516814876,1
34.71,0.61,3393,646.55,6.0948748962,1
34.75,0.61,3393,666.45,6.399023363,1
34.75,0.64,3393,655.75,15.4333243341,1
34.75,0.6,3393,656.8095238095,10.4180203202,1
34.75,0.66,3417,647.1851851852,14.6970317916,1
34.75,0.61,3417,651.2407407407,11.0217548935,1
34.75,0.6,3417,660.8148148148,13.9018704764,1
34.75,0.6,3444,652.8255033557,11.0415515054,1
34.8,0.61,3399,647.275862069,11.3011947849,1
34.77,0.6,3399,661.0344827586,24.1767667879,1
34.75,0.61,3399,654.724137931,12.646102171,1
34.75,0.61,3399,643.3103448276,15.3220675842,1
34.75,0.67,3399,661.0967741935,10.5474498942,1
34.75,0.79,3441,648.8888888889,18.9450146542,1
34.75,0.73,3441,657.0740740741,16.9638524755,1
34.77,0.73,3441,645.962962963,26.9092872326,1
34.77,0.72,3441,649.5185185185,9.1017717867,1
34.77,0.75,3441,656.32,18.589717588,1
34.81,0.72,3609,659.875,18.3230558314,1
34.81,0.74,3609,637.5625,14.2169298286,1
34.81,0.73,3609,636.625,21.7021744302,1
34.77,0.73,3609,637.9375,24.973657997,1
34.77,0.74,3609,650.3125,8.1141754818,1
34.81,0.72,3690,656.8461538462,15.0784928539,1
34.77,0.72,3690,642.1052631579,14.8355715369,1
34.81,0.72,3690,654.5263157895,14.0426733886,1
34.77,0.73,3690,670.0526315789,24.1322533339,1
34.77,0.72,3690,656.5789473684,23.4191010423,1
34.81,0.75,3690,652.65,12.1666552511,1
34.8,0.78,3759,646.4,12.4795833264,1
34.81,0.73,3759,656.95,15.2920731099,1
34.77,0.73,3759,665.8,20.2721483815,1
34.77,0.73,3759,664.4,20.5703670361,1
34.81,0.75,3759,656.6666666667,11.1255461789,1
34.83,0.76,3771,653.5466666667,17.7728582082,1
34.83,0.75,3771,654.8533333333,15.0392316589,1
34.84,0.75,3771,651.4634146341,16.1579061083,1
34.85,0.79,3771,653.4691358025,16.1130929201,1
34.91,0.75,3999,655.7571428571,21.5104198765,1
34.91,0.73,3999,646.1549295775,19.2124137447,1
34.91,0.75,4029,654.3113772455,18.8472918341,1
34.91,0.75,4008,664.6666666667,20.8475951184,1
34.93,0.75,4008,647.4666666667,20.3651117792,1
34.92,0.78,4008,640.2727272727,16.071380034,1
34.97,0.75,4032,653,22.0193022869,1
34.99,0.78,4005,647.04,24.1850863137,1
34.99,0.78,4005,641.84,18.0968063481,1
34.99,0.74,4005,653.92,16.1788009444,1
34.93,0.76,4005,652.8,20.4626488999,1
34.93,0.74,4005,646.5652173913,13.4611391951,1
34.99,0.67,3825,659.92,17.8928365554,1
34.99,0.02,3825,631.8,20.2839838296,1
35.01,0.02,3825,661.48,21.1037816516,1
35.01,0.02,3441,645.1538461538,46.730563469,1
35.05,0.02,3441,650.4285714286,19.4852115561,1
35.05,0.02,3441,651.3714285714,10.4719645156,1
35.05,0.02,3441,649.3142857143,9.57309154,1
35.05,0.02,2901,657.56,8.1145794715,1
35.05,0.02,2901,654.04,4.9354229809,1
35.07,0.02,2901,658.64,1.2924395537,1
35.05,0.02,2901,656.4615384615,3.7645182472,1
35.01,0.02,2169,651.3611111111,0.8216777477,1
35.05,0.02,2169,654.1111111111,1.8675262571,1
35.05,0.02,1407,653.9459459459,1.8880269402,1
35.05,0.02,1407,650.0666666667,0.2494438258,1
35.05,0.02,1407,650.0666666667,0.4422166387,1
35.05,0.02,1407,654.4666666667,2.7535835237,1
35.01,0.02,1407,651.8,0.9092121131,1
35.01,0.02,1407,651.4,0.6110100927,1
34.99,0.02,1407,652.3333333333,2.4404006957,1
35.01,0.02,714,650.1764705882,0.7058823529,1
35.05,0.02,714,650.9230769231,0.266469355,1
35.05,0.02,714,651.4615384615,1.3367805536,1
35.05,0.02,714,651.6153846154,0.7378202344,1
35.05,0.02,714,650.7692307692,0.575639598,1
35.05,0.02,714,650.7692307692,0.4213250442,1
35.07,0.02,714,653,2.5419556372,1
35.07,0.02,270,651.9230769231,0.8284868934,1
35.05,0.02,270,651.1,0.5385164807,1
35.07,0.02,270,654.6,2.5961509971,1
35.05,0.02,270,654.9,0.8888194417,1
35.05,0.02,270,653.85,0.5722761571,1
35.05,0.02,270,651.5,1.0246950766,1
35.09,0.02,48,650.6774193548,1.5737175378,1
35.07,0.02,48,651.2258064516,0.9404761121,1
35.07,0.02,48,651.6875,2.1569292408,1
35.07,0.02,0,652.1515151515,1.2090871117,0
35.13,0.02,0,651.5454545455,1.5193880166,0
35.07,0.02,0,652.1515151515,1.3285036495,0
35.07,0.02,0,653.2857142857,2.5793528693,0
35.13,0.02,0,650.2941176471,0.4556450996,0
35.07,0.02,0,650.5294117647,1.6491583258,0
35.07,0.02,0,656.7058823529,0.4556450996,0
35.07,0.02,0,656.1176470588,0.5823232316,0
35.05,0.02,0,656.2352941176,0.5455069703,0
35.07,0.02,0,654.6875,0.768012858,0
35.05,0.02,0,655.875,0.3307189139,0
35.05,0.02,0,654.4375,0.7043392293,0
35.05,0.02,0,657.375,0.7806247498,0
35.05,0.02,0,655.5,0.8660254038,0
35.07,0.02,0,657.0769230769,0.8284868934,0
34.97,1.05,33,650.0208333333,9.9676342549,2
34.97,1.11,33,652.387755102,18.1060552804,2
34.97,0.92,207,657.9722222222,13.9592385002,2
34.97,0.84,207,652.1666666667,9.2330926563,2
34.97,0.84,207,660.5714285714,17.2200642346,2
34.97,0.77,651,658.8484848485,10.0276019434,2
34.97,0.74,651,656.6363636364,6.8791216045,2
34.99,0.67,651,649.0882352941,13.0730248695,2
34.99,0.65,1269,640.8823529412,8.4427647614,2
34.97,0.69,1269,633.6470588235,14.5599821286,2
34.99,0.63,1269,656.1764705882,6.7670072812,2
34.99,0.64,1269,652.8823529412,7.3314981451,2
34.97,0.64,1269,633.4117647059,11.8374223323,2
34.99,0.73,1941,656.4,11.1701984465,2
34.99,0.65,1941,646.6956521739,15.1153097815,2
34.99,0.67,1941,649.3043478261,14.9882121294,2
34.98,0.74,1941,669.9130434783,17.2750461988,2
35.01,0.68,2640,658.3043478261,28.047219164,2
35.01,0.69,2640,679.4347826087,25.6325643545,2
34.99,0.68,2640,666.6086956522,12.8595730893,2
34.97,0.67,2640,650.7826086957,15.1225616698,2
34.97,0.72,3213,656.0416666667,14.066743187,2
34.99,0.67,3213,664.4705882353,26.3396762834,2
35.01,0.71,3213,655,20.5455018692,2
34.99,0.7,3213,656.7647058824,12.4594845128,2
34.97,0.67,3213,652.9411764706,13.3128446964,2
34.99,0.74,3213,662.1764705882,14.8055446455,2
35.01,0.72,3492,641.4210526316,13.084003047,2
35.01,0.67,3492,656.9054054054,15.8038388417,2
34.98,0.74,3492,687.9054054054,37.1945829095,2
34.99,0.74,3609,701.75,41.3534587747,2
34.99,0.68,3609,656.1842105263,17.3809564015,2
34.99,0.74,3645,656,19.0520005092,2
34.97,0.67,3645,656.4468085106,15.6827707477,2
34.99,0.67,3645,656.3125,13.4677953065,2
34.99,0.68,3624,645.5892857143,17.6541949545,2
34.99,0.68,3624,648.9821428571,17.485188703,2
34.97,0.67,3624,659.2857142857,19.6047682663,2
34.99,0.68,3636,652.8219178082,17.0352917041,2
34.97,0.67,3636,649.5616438356,12.0125348931,2
34.99,0.68,3669,651.4305555556,17.6445036995,2
35.01,0.72,3669,647.4383561644,12.8947119897,2
35.01,0.74,3672,650.2181818182,13.5977149271,2
35.05,0.73,3690,649.4181818182,14.9662540514,2
35.05,0.7,3690,647.6909090909,12.0346057491,2
35.05,0.68,3690,641.8823529412,19.6734588392,2
35.05,0.72,3690,657.2352941176,14.7350299378,2
35.05,0.67,3690,653.4705882353,14.7134098382,2
35.05,0.67,3690,648.5882352941,18.0263167865,2
35.05,0.69,3690,658.1176470588,13.6807393718,2
35.01,0.7,3690,657.1764705882,12.9580104415,2
35.04,0.67,3690,668.9411764706,13.9599030345,2
35.05,0.67,3639,642.1666666667,16.3885122367,2
35.01,0.68,3639,650.3,14.5089627472,2
35.05,0.74,3639,633.15,8.0639630456,2
35.01,0.68,3639,658.65,18.5991263236,2
35.01,0.67,3639,650.45,15.0448496171,2
35.01,0.68,3639,647.65,8.8389761851,2
35.03,0.68,3633,652.55,13.040226225,2
35.01,0.68,3633,654.7058823529,21.2097777282,2
35.05,0.68,3633,651.978021978,19.5880531105,2
35.07,0.73,3570,647.0434782609,20.9585061301,2
35.05,0.69,3570,652.1304347826,22.7085587156,2
35.02,0.65,3570,642.2173913043,19.0330525362,2
35.01,0.67,3570,654.4782608696,15.0589264737,2
35.05,0.67,3570,660.7826086957,9.0022051489,2
35.07,0.68,3540,638.2272727273,11.3415239403,2
35.07,0.66,3540,652.0352941176,13.1430563719,2
35.05,0.67,3540,650.0235294118,17.3062222544,2
35.02,0.72,3495,650.7115384615,20.5317170574,2
35.05,0.67,3495,649.6538461538,13.1951107137,2
35.07,0.67,3522,656.2692307692,13.3504759129,2
35.07,0.72,3522,647.78,20.4580448724,2
35.07,0.68,3522,655.48,15.0787797915,2
35.05,0.63,3453,649.5306122449,14.1292893662,2
35.07,0.52,3453,657.5555555556,16.0746714345,2
35.09,0.02,3453,657.5925925926,22.1764961653,2
35.09,0.02,3453,650.5925925926,13.033459105,2
35.09,0.02,3453,634.8518518519,10.6517385251,2
35.09,0.02,3453,654.2307692308,9.2166558774,2
35.13,0.02,3297,652.4150943396,9.6532992938,2
35.09,0.02,3297,648.9433962264,9.9269313398,2
35.09,0.02,2877,648.4285714286,9.3786557498,2
35.07,0.02,2877,649.1020408163,7.7069936381,2
35.07,0.02,2295,646.1304347826,1.9405142265,2
35.08,0.02,2295,651.4347826087,1.6372322073,2
35.09,0.02,2295,650.2608695652,0.5289358722,2
35.09,0.02,2295,650.4166666667,0.7592027983,2
35.15,0.02,1608,650.2142857143,0.6738557951,2
35.09,0.02,1608,650.5,0.6813851439,2
35.09,0.02,924,650.1785714286,0.4670248868,2
35.09,0.02,924,651.1785714286,0.8041664464,2
35.13,0.02,387,651.2413793103,0.6245093199,2
35.15,0.02,387,650.88,1.1771151176,2
35.15,0.02,387,650.12,0.3249615362,2
35.15,0.02,387,650.4,1.4142135624,2
35.14,0.02,387,650.92,0.7959899497,2
35.07,0.02,99,651.1212121212,1.1216215469,2
35.13,0.02,99,650.5757575758,0.6527472493,2
35.09,0.02,0,650.625,0.8569568251,0
35.13,0.02,0,649.5294117647,1.7529016971,0
35.15,0.02,0,648.7058823529,2.294871671,0
35.15,0.02,0,650.8529411765,0.4292505741,0
35.13,0.02,0,650.5185185185,0.7388865683,0
35.19,0.02,0,650.4074074074,0.6241592425,0
35.13,0.02,0,650.3333333333,0.7200822998,0
35.19,0.02,0,650.3571428571,1.3151394743,0
35.15,0.02,0,651.7407407407,1.204700442,0
35.07,1.06,147,656.25,15.6091586363,2
35.09,0.89,513,656.8695652174,6.7198883779,2
35.09,0.84,513,638.652173913,10.3529399129,2
35.13,0.77,513,655.0869565217,18.1943924555,2
35.07,0.73,513,653.1739130435,6.9698242378,2
35.09,0.7,513,642.9565217391,11.7120460503,2
35.13,0.68,1149,664.2,9.0906545419,2
35.08,0.64,1149,655.2352941176,11.7899728671,2
35.13,0.66,1149,648.3921568627,13.5474162668,2
35.09,0.61,1818,648.7222222222,12.929175544,2
35.13,0.68,1818,646.6363636364,16.5346618146,2
35.09,0.61,2991,661.9756097561,13.8361276919,2
35.09,0.65,2991,638.9512195122,17.0164213651,2
35.09,0.64,2991,655.375,12.2468108093,2
35.13,0.67,3297,651.3666666667,15.7553870858,2
35.09,0.69,3297,655.0819672131,15.5966527325,2
35.15,0.7,3351,649.7661290323,15.3229265666,2
35.13,0.72,3507,650.46,18.3134304087,2
35.13,0.67,3507,650.75,23.1427634478,2
35.13,0.67,3507,655.95,10.7678920871,2
35.13,0.74,3507,652.2,26.0261407051,2
35.13,0.76,3507,647.55,19.5255601712,2
35.15,0.75,3624,664.65,7.9389860814,2
35.15,0.73,3624,647.85,11.7612711898,2
35.15,0.74,3624,659.0612244898,16.4483212508,2
35.15,0.78,3624,663.693877551,21.8923191093,2
35.19,0.77,3624,657.0416666667,16.2185058053,2
35.19,0.76,3846,656.256097561,20.0808190094,2
35.19,0.78,3846,657.1927710843,16.6012467461,2
35.21,0.81,3927,662.5666666667,13.1572117951,2
35.21,0.75,3927,657.3,17.1253223814,2
35.21,0.75,3927,653.2,10.9373976186,2
35.19,0.75,3927,650.5333333333,16.3538646469,2
35.21,0.76,3984,651.9375,11.8134920218,2
35.23,0.77,4008,651.04,15.5832730837,2
35.23,0.78,4008,658.88,17.7320500789,2
35.23,0.77,3996,657.74,18.0574749065,2
35.19,0.76,3996,660.8,14.9407719569,2
35.21,0.75,3996,649.7111111111,17.4249147579,2
35.21,0.82,3957,653.2954545455,20.0381222417,2
35.27,0.79,3957,665.0344827586,19.90924713,2
35.21,0.77,3957,665.8620689655,14.7711838246,2
35.23,0.78,3957,666.4137931034,13.6167170112,2
35.23,0.76,3957,641.3103448276,19.2212229118,2
35.21,0.78,3903,648.6451612903,12.9877073074,2
35.21,0.75,3903,653.9473684211,16.3061941224,2
35.21,0.8,3903,658.7631578947,14.6510897934,2
35.23,0.75,3903,656.1315789474,15.8332944549,2
35.26,0.82,3903,659.9743589744,20.0939934634,2
35.23,0.77,3837,656.3163841808,18.630556652,2
35.27,0.76,3837,671.0434782609,23.846389319,2
35.27,0.77,3837,652.1304347826,16.4774004594,2
35.27,0.81,3837,646.9130434783,20.9677040345,2
35.23,0.76,3837,657.347826087,19.9010786154,2
35.23,0.75,3837,661.8695652174,13.5335471999,2
35.26,0.76,3822,667.32,18.8927922764,2
35.23,0.74,3822,662.7093023256,20.4142370971,2
35.27,0.74,3822,662.6117647059,19.1692732795,2
35.27,0.74,3867,665.9607843137,15.9250213585,2
35.27,0.73,3891,656.3529411765,22.6766041043,2
35.27,0.73,3891,711.0961538462,44.3410122778,2
35.27,0.73,3891,663.3636363636,15.1013107635,2
35.27,0.73,3891,662.7727272727,17.3910421513,2
35.27,0.73,3891,658.1363636364,23.3983205585,2
35.27,0.77,3891,664.7727272727,21.9046110094,2
35.27,0.72,3891,655.7272727273,14.8696818398,2
35.27,0.69,3843,658.0434782609,21.760511225,2
35.27,0.34,3843,663.5217391304,53.9491463971,2
35.27,0.02,3843,649.0434782609,56.385689104,2
35.27,0.02,3843,659.8260869565,58.0147298941,2
35.29,0.02,3552,660.347826087,47.3043877877,2
35.29,0.02,3552,649,43.4697486491,2
35.29,0.02,3552,654.5,53.1708462307,2
35.29,0.02,3552,660.5555555556,54.7156510437,2
35.29,0.02,3552,650.1111111111,18.4808876918,2
35.29,0.02,3552,660.1111111111,10.4450354443,2
35.29,0.02,3552,655.9444444444,6.859480238,2
35.29,0.02,3018,647.625,23.7299257268,2
35.29,0.02,3018,652.3529411765,19.0013658223,2
35.37,1.09,105,635.6428571429,19.6054188677,2
35.37,1,105,664.7857142857,9.4655659511,2
35.37,0.86,105,662,13.0219594751,2
35.43,0.84,105,655.6428571429,13.3609620208,2
35.43,0.8,105,656.7857142857,10.6111704715,2
35.41,0.82,597,659.6428571429,16.490720953,2
35.37,0.77,597,655.7857142857,7.7291523415,2
35.37,0.75,597,643,8.0249610591,2
35.37,0.73,597,664.1333333333,8.5234317554,2
35.37,0.74,597,653.1333333333,11.2063474077,2
35.37,0.75,597,648.4666666667,11.2182391171,2
35.37,0.75,597,666.5333333333,3.7214095299,2
35.37,0.75,597,647.1333333333,9.6392715262,2
35.37,0.76,1308,677.5,13.0958008537,2
35.37,0.73,1308,708.3009708738,42.1837945582,2
35.37,0.66,2763,666.4375,64.0956012044,2
35.37,0.74,2763,651.2291666667,30.9396183338,2
35.37,0.78,3390,662.875,19.3483687943,2
35.45,0.8,3390,650.6666666667,19.4547908981,2
35.45,0.88,3390,663.4,8.1877957962,2
35.45,0.81,3390,658.6666666667,19.7843934004,2
35.45,0.81,3390,652.1333333333,13.1902320761,2
35.43,0.87,3390,680,25.804392391,2
35.44,0.79,3717,655.4615384615,15.4153539075,2
35.37,0.85,3717,655.7142857143,22.8730301929,2
35.43,0.83,3717,669.3142857143,19.2469239525,2
35.38,0.85,3717,695.6176470588,29.5475834643,2
35.39,0.8,3840,666.2,14.5003448235,2
35.37,0.82,3840,717.55,46.1968343071,2
35.37,0.83,3840,717.2,38.2826331383,2
35.44,0.91,3840,661.85,22.5239317172,2
35.37,0.85,3840,686.95,30.9184006702,2
35.37,0.82,3942,663.95,12.0352606951,2
35.39,0.9,4050,663,23.6323186862,2
35.45,0.87,4050,684.9189189189,31.5837611186,2
35.43,0.85,4050,679.1081081081,22.5781331474,2
35.43,0.89,4167,731.1944444444,21.7176572356,2
35.45,0.87,4167,732.9047619048,13.0124656787,2
35.45,0.81,4167,664.2380952381,36.7085104469,2
35.45,0.82,4167,738.2380952381,18.2545617571,2
35.45,0.84,4167,732.2857142857,22.9225255343,2
35.43,0.85,4167,690.8095238095,33.1182859109,2
35.45,0.84,4185,665.9047619048,13.783719734,2
35.45,0.85,4185,717.9090909091,38.5686036833,2
35.43,0.82,4185,707.4496644295,38.2665389504,2
35.51,0.7,348,649.65,7.0304694011,2
35.51,0.7,348,672,9.4339811321,2
35.51,0.69,969,675.2,17.8538511252,2
35.51,0.78,969,652.2222222222,25.6899845979,2
35.47,0.81,969,701.6543209877,34.3306940711,2
35.51,0.78,2580,663.9285714286,30.6535113014,2
35.51,0.79,3324,698.7605633803,39.05123568,2
35.53,0.85,3324,683.3636363636,34.2617537291,2
35.53,0.8,3324,719.6363636364,31.6953473135,2
35.53,0.79,3324,731.4545454545,17.2645913853,2
35.53,0.82,3324,706.0454545455,36.3949013321,2
35.53,0.82,3324,717.2272727273,27.0973528029,2
35.51,0.8,3861,689.8260869565,35.8664820809,2
35.52,0.79,4182,665.3066666667,21.2881646826,2
35.53,0.81,4137,670.3947368421,17.2680713483,2
35.53,0.79,4137,718.7631578947,34.5729086292,2
35.53,0.84,4137,689.3157894737,21.7632056259,2
35.51,0.89,4137,668.4102564103,25.1505395249,2
35.51,0.81,4212,661.5602409639,20.3601455705,2
